"","V1","V2","V3","V4","V5","V6","V7","V8","V9","V10","V11","V12","V13","V14","V15","V16","V17","V18","V19","V20","V21","V22","V23","V24","V25","V26","V27","V28","V29","V30","V31","V32","V33","V34","V35","V36","V37","V38","V39","V40","V41","V42","V43","V44","V45","V46","V47","V48","V49","V50","V51","V52","V53","V54","V55","V56","V57","V58","V59","V60","V61","V62","V63","V64","V65","V66","V67","V68","V69","V70","V71","V72","V73","V74","V75","V76","V77","V78","V79","V80","V81","V82","V83","V84","V85","V86","V87","V88","V89","V90","V91","V92","V93","V94","V95","V96","V97","V98","V99","V100","V101","V102","V103","V104","V105","V106","V107","V108","V109","V110","V111","V112","V113","V114","V115","V116","V117","V118","V119","V120","V121","V122","V123","V124","V125","V126","V127","V128"
"1",-0.0938422381877899,0.0948455184698105,0.0948458313941956,0.0737947598099709,0.0948455780744553,0.0892428830265999,0.0948459506034851,-0.0945290997624397,0.0948418602347374,0.0944035276770592,-0.0902699679136276,0.0502188391983509,-0.0948459506034851,-0.0947985798120499,0.094841331243515,0.0850411355495453,-0.0517339929938316,0.0948459506034851,-0.0948458462953568,0.0948459506034851,0.0948459506034851,0.0948459506034851,-0.0942592471837997,-0.0275698285549879,0.0948046445846558,0.0631935223937035,0.0945088341832161,0.0947528854012489,-0.0948435962200165,-0.0948459506034851,0.0632240697741508,0.0678661018610001,-0.0160121154040098,-0.0903388410806656,-0.0312912911176682,0.0948411896824837,0.0948444232344627,-0.0948459506034851,0.0948459506034851,-0.0948440730571747,-0.0141670703887939,0.0948454216122627,-0.0918604284524918,-0.0211933515965939,0.0633370280265808,0.0948096364736557,0.0948247984051704,0.0947860851883888,0.0948458984494209,-0.0772667303681374,0.0948414728045464,0.0947883203625679,0.0945661664009094,-0.0948339849710464,0.0930535644292831,0.0948458909988403,0.094843864440918,0.0948458909988403,0.0948459506034851,0.0945030897855759,0.0948458835482597,-0.0948459506034851,-0.0891151875257492,0.0777999684214592,0.0946956500411034,-0.0948443859815598,-0.092420868575573,-0.0948459133505821,0.0948064401745796,-0.0948447436094284,-0.0948459506034851,-0.0948448032140732,-0.0948459506034851,-0.0948320776224136,-0.094845250248909,0.0622480474412441,0.0608266890048981,0.0947927758097649,0.0948458909988403,-0.0948459506034851,0.0948204770684242,-0.0908856242895126,0.0948444455862045,-0.0537805333733559,-0.0948444381356239,-0.0948384180665016,0.0768964812159538,-0.091990739107132,0.0885503515601158,-0.0948456153273582,0.0901642963290215,0.0948458909988403,0.0948456078767776,0.0948459059000015,0.0945466533303261,-0.0916297286748886,0.094845749437809,-0.0947531163692474,0.0948138013482094,0.0915414541959763,-0.0948459506034851,-0.0948442220687866,0.0946556180715561,-0.0948459506034851,0.0913358330726624,-0.0541029386222363,0.0934475287795067,-0.0948459506034851,0.0948459506034851,0.0948455855250359,-0.0948408842086792,0.0948459506034851,-0.094831146299839,-0.0295155588537455,-0.0948456302285194,-0.0948459506034851,0.0948414653539658,0.0695060566067696,0.0948459506034851,0.0138037279248238,-0.0948457047343254,-0.0933674573898315,-0.049114391207695,-0.0948459506034851,-0.0940691456198692,0.0922790393233299,-0.0948459506034851,0.094842292368412
"2",0.0215407907962799,0.105137467384338,0.10885464400053,0.0649770945310593,0.108944110572338,0.109207578003407,0.10896722972393,-0.0120134046301246,0.0181088093668222,-0.0965623781085014,-0.0313651412725449,-0.0776888877153397,-0.10062013566494,0.0774824619293213,0.0934097245335579,-0.101908497512341,0.0331521183252335,0.0983868539333344,0.0817984715104103,0.106255181133747,0.107098042964935,0.105357639491558,0.0266451053321362,0.083030104637146,0.105650663375854,0.014181730337441,0.0199679136276245,-0.00677065923810005,-0.108870185911655,-0.106290332973003,-0.0680211260914803,-0.075776994228363,0.109641931951046,-0.0928870216012001,0.098272517323494,0.0107554290443659,0.103714749217033,-0.109394527971745,0.0757935792207718,-0.107942834496498,-0.065582774579525,0.0605478920042515,-0.109597653150558,0.105913683772087,0.0979251116514206,0.101160101592541,0.0286601576954126,-0.101018689572811,-0.0510211996734142,-0.0499081946909428,0.109656132757664,-0.0242193881422281,0.0340882390737534,-0.10970664024353,0.0348384790122509,0.0469732023775578,0.109387680888176,0.104837521910667,0.109702788293362,-0.083601139485836,0.109735406935215,-0.104838706552982,-0.0098047936335206,0.0689142718911171,-0.0275298077613115,-0.0636210218071938,0.100223369896412,-0.0799398273229599,0.108911223709583,-0.109328426420689,-0.109670825302601,-0.101490385830402,-0.102849364280701,-0.10331179946661,-0.0912763252854347,0.0790994018316269,0.10514684766531,0.108509346842766,-0.0167849827557802,-0.105737417936325,0.0741085484623909,-0.108535327017307,0.104958064854145,-0.0972339659929276,-0.0989840105175972,-0.105260163545609,0.108812302350998,0.0763938054442406,0.097783587872982,-0.0867616906762123,0.0434365123510361,0.108845174312592,-0.000305001070955768,0.109611965715885,-0.0607142522931099,-0.0795595049858093,0.108543805778027,0.0851525366306305,0.106500662863255,0.0970942005515099,-0.109729371964931,-0.0979446172714233,0.108722247183323,-0.108940415084362,0.103689789772034,0.0205443985760212,0.108695611357689,-0.109666876494884,0.0325334183871746,0.0993280187249184,-0.0998896658420563,0.109575420618057,-0.0777293294668198,-0.0951221063733101,0.08869369328022,-0.106238342821598,0.109146974980831,-0.0089757964015007,0.109639428555965,0.0980696678161621,-0.0574148781597614,0.0383455939590931,0.0806690901517868,-0.0933967232704163,-0.103195704519749,-0.085177093744278,-0.0804432854056358,0.108138486742973
"3",0.0961313918232918,0.0962071120738983,0.0961875393986702,-0.0962057262659073,0.0962047576904297,0.0804593935608864,-0.0962051376700401,0.0873613134026527,-0.0960644856095314,0.0911080315709114,0.0962065979838371,0.0962071120738983,0.0949784815311432,0.0962071120738983,0.0961989611387253,-0.0960128828883171,0.0829468294978142,0.0701094046235085,-0.096205934882164,0.0893226116895676,0.0961432978510857,-0.0914484933018684,0.0961998775601387,-0.0962071120738983,-0.0962071120738983,0.0962065607309341,-0.0962068885564804,-0.0900983437895775,0.0962071120738983,0.0929850116372108,-0.0123769557103515,-0.0260514542460442,0.0957700163125992,0.0956008806824684,-0.0962065383791924,-0.00140815321356058,-0.0961869060993195,-0.0961685478687286,-0.0962057560682297,-0.0941290408372879,0.0494761802256107,-0.0962071120738983,0.0952983647584915,0.0959598496556282,-0.0962071120738983,-0.0905760154128075,0.0158195476979017,-0.0962065011262894,-0.0961714163422585,-0.076752096414566,0.0962070524692535,0.0962071120738983,-0.0910153687000275,0.0962071120738983,-0.0860630124807358,-0.0887915715575218,0.0669428482651711,-0.0961992591619492,0.0961951017379761,-0.0962071120738983,-0.0962070971727371,0.0785819217562675,-0.0955845639109612,-0.0395244099199772,-0.096048541367054,-0.0962071120738983,0.0962071120738983,-0.0961934849619865,-0.0919802039861679,-0.0962071120738983,-0.0962008014321327,0.0650689378380775,-0.0960255414247513,0.0962070748209953,-0.0329858288168907,0.0961242467164993,-0.0943833440542221,0.0962071120738983,0.0731677934527397,-0.0962071120738983,-0.0962071120738983,0.0770364031195641,-0.0583932846784592,0.0960877016186714,-0.0523465871810913,0.0955155193805695,0.0962071120738983,0.096154622733593,-0.0962071120738983,-0.0959098488092422,0.0962025299668312,0.0732482597231865,-0.0962071120738983,-0.0961288064718246,-0.096202664077282,-0.0600766763091087,-0.0962071120738983,-0.0408500395715237,0.0962071120738983,0.0961885526776314,-0.0734736919403076,-0.0724252536892891,0.0962071120738983,-0.0962070003151894,-0.0121830329298973,0.0962070673704147,0.0962062105536461,-0.032168798148632,0.0962071120738983,-0.0962029993534088,-0.0962068736553192,0.0961907207965851,-0.0833058580756187,-0.0962023064494133,-0.0961977168917656,-0.0935325771570206,0.0962030217051506,-0.0476727373898029,0.0571581982076168,-0.0962034910917282,-0.0960079655051231,-0.0961949154734612,-0.0962065979838371,-0.0897857770323753,-0.0962070524692535,-0.0480944216251373,-0.0962070673704147,0.0962010249495506
"4",0.102818101644516,0.102807119488716,-0.0953829139471054,0.0531091541051865,0.100311264395714,-0.0638659745454788,-0.0971283987164497,0.102634124457836,0.0483885854482651,-0.102664694190025,0.0949457585811615,0.102805137634277,0.0258131362497807,0.102808609604836,0.0174701251089573,-0.091576874256134,0.00357651966623962,0.0886015892028809,-0.0683538466691971,-0.102816089987755,-0.101054191589355,-0.0822156667709351,0.102276585996151,-0.102503255009651,-0.102816134691238,0.102817840874195,-0.10064459592104,-0.0240381043404341,0.100411057472229,0.101634733378887,0.102773599326611,-0.0471685566008091,0.102783247828484,0.100599206984043,0.0601834915578365,-0.0372700579464436,-0.102677918970585,-0.00616296054795384,-0.102788753807545,-0.0884737223386765,-0.0932995155453682,-0.102819122374058,-0.06394924223423,-0.0894232019782066,-0.102818638086319,-0.102332718670368,0.0646258071064949,-0.102819122374058,-0.101625472307205,-0.0689385086297989,0.10030572861433,0.102811932563782,-0.0455890782177448,0.102735802531242,-0.0382826663553715,0.073307529091835,-0.102686285972595,-0.097679078578949,0.00626850081607699,-0.0970891490578651,-0.10078901052475,0.0426899082958698,0.0368939898908138,-0.0710872039198875,-0.0918362215161324,-0.102811813354492,0.102818787097931,-0.0863139480352402,-0.0675037279725075,-0.102815069258213,-0.102530956268311,0.0108963279053569,-0.0998779013752937,0.102819092571735,-0.0495828278362751,-0.0674114376306534,-0.0910085439682007,0.102539107203484,-0.0121655641123652,-0.101265333592892,-0.0988245159387589,0.0972567200660706,-0.102270625531673,0.0982432812452316,0.0987320393323898,-0.0821299999952316,0.102814756333828,0.102760046720505,-0.102818757295609,0.0783452317118645,0.102816961705685,-0.0314445085823536,-0.102818965911865,-0.0924239978194237,0.0516336485743523,-0.0968824997544289,-0.102778844535351,0.101824186742306,0.0998606979846954,0.0529188215732574,-0.0979669764637947,-0.099739745259285,0.102796830236912,-0.101637855172157,-0.0855571702122688,0.0955838710069656,0.0417990237474442,0.0636900365352631,0.102796033024788,-0.095684640109539,-0.0903239548206329,0.102712295949459,0.0192900709807873,-0.10281790792942,-0.0341487415134907,-0.0987942963838577,0.102707035839558,0.0967780873179436,0.101888470351696,-0.0880329608917236,0.100543603301048,0.0940727964043617,-0.100590839982033,-0.102149777114391,0.102049104869366,-0.101937212049961,-0.0895092710852623,0.10186480730772
"5",0.0971401259303093,0.0971375554800034,0.0965350493788719,-0.0847222656011581,-0.0677908360958099,0.0970550626516342,-0.0971373096108437,0.0971342474222183,-0.0949392095208168,0.0971331596374512,0.0966298207640648,0.0906965285539627,0.0969344228506088,0.0971420183777809,0.0971420407295227,-0.0971337184309959,0.0965169072151184,-0.00254768459126353,-0.0631016194820404,0.0971224009990692,-0.0971178933978081,-0.0971151143312454,0.0971421226859093,-0.0561622455716133,0.0119520695880055,0.0971418023109436,-0.0923540815711021,-0.0971391648054123,-0.0971413403749466,0.0971386507153511,0.0971372127532959,-0.095600888133049,0.0610886141657829,-0.0967540144920349,-0.0954311341047287,-0.0564312785863876,-0.0971385091543198,0.0956511050462723,-0.0491544790565968,0.0850713700056076,-0.0583168976008892,-0.0971408262848854,-0.0967095345258713,0.0902166366577148,-0.0388729833066463,0.0944059938192368,-0.0439388193190098,-0.0457165017724037,-0.0965912342071533,-0.0969268083572388,0.0967705622315407,0.097029983997345,0.0958948135375977,-0.0828335136175156,-0.0965834110975266,-0.0967600867152214,0.0383339673280716,0.0402965024113655,0.0971397832036018,-0.0947015881538391,0.0574545040726662,0.0959716513752937,0.0958961471915245,0.0967440083622932,-0.0967785492539406,-0.0167784374207258,0.0971419215202332,-0.0931989103555679,-0.0971207693219185,0.0641749501228333,-0.0971399545669556,-0.090069092810154,-0.0970863327383995,-0.0938297286629677,0.0951748341321945,-0.0432396940886974,0.0971421226859093,0.0951611399650574,0.0791381075978279,-0.0964474380016327,-0.0957226902246475,0.0922107398509979,0.0924073979258537,-0.0971404165029526,0.097139410674572,0.097066842019558,0.0971419289708138,-0.0139849837869406,0.096796341240406,0.0969460234045982,-0.0914792120456696,0.0943438932299614,-0.09702168405056,0.0971226245164871,-0.0971359014511108,0.0946516618132591,-0.0970901176333427,0.0730485543608665,0.0971411913633347,0.0971419215202332,-0.0907073765993118,-0.096593976020813,0.0971076041460037,0.0751483142375946,-0.0963431894779205,-0.0802945196628571,-0.0953205972909927,-0.0239738617092371,0.0703278779983521,-0.0971415564417839,0.0967916548252106,-0.080864205956459,-0.0957029014825821,-0.0967839956283569,-0.0970206782221794,-0.0941570624709129,0.0847753509879112,-0.0971278697252274,0.0942913070321083,0.0970898866653442,0.0971366316080093,-0.0372899174690247,-0.0834443867206573,0.0970824286341667,-0.0971410199999809,-0.0971409901976585,0.0832038074731827,0.0971421226859093
"6",-0.0328428670763969,-0.114159017801285,-0.126710504293442,-0.0877782180905342,0.0382902063429356,-0.03743926435709,0.141316458582878,0.09725521504879,-0.0614685900509357,-0.116905592381954,-0.072632722556591,0.061255719512701,-0.136642202734947,0.0989604890346527,-0.117153525352478,-0.0864365175366402,-0.0396064147353172,0.12342844158411,0.0165607742965221,-0.105499543249607,-0.00625478522852063,0.07457335293293,0.0692429691553116,0.172777354717255,0.00403686566278338,0.00136084982659668,0.143722400069237,0.114568121731281,-0.046295091509819,0.0529402382671833,-0.0395376831293106,0.0121417744085193,-0.143232464790344,-0.000453337532235309,0.134953260421753,-0.055702593177557,0.116809636354446,-0.137891367077827,0.0537578612565994,-0.103993758559227,0.102792777121067,0.130535304546356,-0.150028377771378,0.142525091767311,0.00313842995092273,0.0212102998048067,-0.12400233745575,-0.113973639905453,-0.0581182278692722,0.103292807936668,0.0485868602991104,-0.0494266413152218,-0.103122919797897,-0.12174753844738,0.0304250996559858,0.0180932115763426,0.0307928025722504,-0.0676146298646927,-0.0646918714046478,0.0408030636608601,0.0173300262540579,0.0218836888670921,0.07614616304636,-0.0485043115913868,-0.0392625667154789,-0.0685832798480988,-0.0495482608675957,-0.0265039745718241,0.0731327831745148,0.0401702187955379,0.00566474534571171,0.0121873579919338,0.157310083508492,0.0240225773304701,0.0954082831740379,0.0785615667700768,-0.0952294543385506,-0.171969354152679,-0.147208258509636,0.121241018176079,0.151946753263474,-0.0144861005246639,0.0250694490969181,0.0109291011467576,0.0973046571016312,0.0209010485559702,-0.0218968875706196,0.0903922244906425,-0.0778625756502151,-0.0223046746104956,-0.0215064641088247,-0.115853399038315,0.00531553151085973,-0.0211385283619165,0.0349820479750633,0.0719566196203232,-0.0993125215172768,-0.000603296735789627,-0.0824836865067482,0.0685127750039101,-0.13837443292141,-0.131200507283211,-0.132040023803711,0.104018710553646,0.0352726355195045,0.0629212334752083,-0.0423719696700573,-0.141587927937508,0.0251222178339958,0.128815919160843,0.099041074514389,0.0280867721885443,0.0342953950166702,-0.1189199462533,-0.0876304134726524,0.0373480096459389,0.074371874332428,0.0722763538360596,-0.0503244288265705,-0.127247855067253,0.0755480080842972,0.0198367536067963,0.0270547978579998,0.0684240087866783,0.0901023745536804,0.181102901697159,0.105676680803299,-0.176309525966644
"7",0.0447664558887482,-0.0927570313215256,-0.0810188502073288,-0.0927570313215256,0.0927570313215256,-0.0927570313215256,0.0927570313215256,0.0578748099505901,-0.0587527714669704,-0.0927570313215256,-0.0786480009555817,0.0927550718188286,-0.0927570313215256,0.0927570313215256,-0.0927570313215256,-0.092756986618042,-0.0927569270133972,0.0927570313215256,0.0750106126070023,-0.0927570313215256,0.0927570313215256,0.0927570313215256,0.0927569791674614,0.0927570313215256,0.0927570313215256,-0.0276399794965982,0.0927570313215256,0.0927570313215256,-0.0927570313215256,0.0927570313215256,0.0862774774432182,-0.0925002843141556,-0.0927568674087524,-0.0667461007833481,0.0927570313215256,-0.0927569568157196,0.0927559807896614,-0.0927570313215256,0.0927566662430763,-0.0927570313215256,0.092756949365139,0.0927570313215256,-0.0927570313215256,0.0927570313215256,-0.0927570313215256,-0.0927430465817451,0.0876294746994972,-0.0927570313215256,-0.0562563575804234,0.0927570313215256,0.0927570313215256,-0.0927570313215256,-0.0927570313215256,-0.0927570313215256,0.0927570313215256,0.0927570313215256,-0.0364704951643944,-0.0927570313215256,-0.0927570313215256,-0.092391774058342,0.0910991951823235,-0.0894885584712029,0.0927570313215256,-0.0910358801484108,0.0927570313215256,-0.0927570313215256,-0.0612738095223904,-0.0927570313215256,0.0927570313215256,0.0927443504333496,-0.0927570313215256,-0.0927514508366585,-0.0926079973578453,-0.0927570313215256,0.0911472365260124,-0.0874763801693916,-0.0927570313215256,-0.0927570313215256,-0.0927570313215256,0.0927570313215256,0.0927569717168808,-0.0927570313215256,-0.092756912112236,-0.0927570313215256,0.0927174240350723,0.0822910666465759,0.040150098502636,0.0927570313215256,-0.0927570313215256,0.0927550047636032,0.0927570313215256,-0.0927570313215256,-0.0927570313215256,0.0924732834100723,-0.0926528349518776,0.0927570313215256,0.0927376449108124,-0.0927570313215256,0.0927569717168808,0.0927570313215256,-0.0927570313215256,-0.0926840752363205,-0.0927570313215256,-0.0927427858114243,0.0927570313215256,0.0927570313215256,0.092017263174057,-0.0927570313215256,0.0927570313215256,0.0927570313215256,-0.0854529291391373,0.078708291053772,-0.0927567556500435,-0.0927526727318764,-0.0927560403943062,-0.0110501945018768,0.0927570313215256,0.0927570313215256,0.0927570313215256,-0.042998056858778,-0.0614010095596313,-0.0531094148755074,-0.0927570313215256,0.0812186673283577,0.0927570313215256,0.0927570313215256,-0.0814459323883057,-0.0927570313215256
"8",-0.0906270295381546,0.0906270295381546,0.0906270295381546,0.0565785095095634,0.0906270295381546,-0.0906259045004845,-0.0897531062364578,-0.0906270295381546,-0.0906270295381546,-0.0906270295381546,-0.0901730433106422,0.0906270295381546,0.0906247347593307,0.0906270295381546,0.0906270295381546,0.0906269252300262,0.0906270295381546,0.0906270295381546,-0.0906270295381546,0.0906270295381546,0.0906270295381546,0.0139689799398184,0.0433886088430882,-0.0906270295381546,-0.0906270295381546,0.090625137090683,-0.0906270295381546,-0.0906270295381546,0.0906270295381546,0.0906270295381546,-0.0906270295381546,-0.0906270295381546,0.0906270295381546,0.0906270295381546,0.0894486308097839,-0.0905586332082748,-0.0906270295381546,-0.0906270295381546,0.0906270295381546,-0.0906270295381546,0.0906049981713295,-0.0906270295381546,-0.0906269773840904,-0.0906270295381546,-0.0906270295381546,0.0906270295381546,-0.0906270295381546,-0.0906269028782845,-0.0906264781951904,0.0906270295381546,0.0906270295381546,0.0906270295381546,-0.0906270295381546,0.0906270295381546,-0.0906270295381546,-0.0906270295381546,0.0906270295381546,-0.0906270295381546,0.0906270295381546,-0.0906270295381546,0.0905941352248192,-0.0906270295381546,-0.0906270295381546,0.0860694050788879,-0.0906270295381546,-0.0880098789930344,0.0906270295381546,-0.0906270295381546,-0.0906270295381546,-0.0906270295381546,-0.0906270295381546,-0.0906270295381546,-0.0906270295381546,0.0906270295381546,-0.0906270295381546,0.0906270295381546,-0.0906267240643501,0.0906270295381546,0.0906270295381546,-0.0906270295381546,-0.0906270295381546,-0.0906270295381546,0.0906270295381546,0.0906270295381546,-0.0906270295381546,-0.0905273705720901,0.0906270295381546,0.0906258746981621,-0.0906270295381546,-0.0906270295381546,0.0906270295381546,0.0906270295381546,-0.0906265899538994,0.0906270295381546,-0.0906270295381546,-0.0906109660863876,-0.0906270295381546,0.0906270295381546,0.0906270295381546,0.0906270295381546,-0.0906270295381546,-0.0906270295381546,0.0906270295381546,-0.0906270295381546,-0.0906160697340965,0.0906270295381546,0.0906270295381546,-0.0906270295381546,0.0906270295381546,-0.0906267911195755,-0.0906270295381546,0.0906270295381546,-0.0906270295381546,-0.0906270295381546,-0.0906270295381546,-0.0906270295381546,0.0906270295381546,-0.0906270295381546,0.045575387775898,0.0209540016949177,-0.0906270295381546,-0.0906270295381546,-0.0129941767081618,-0.0906270295381546,-0.0906270295381546,0.00186557089909911,-0.0906270295381546,0.0906270295381546
"9",0.101738750934601,-0.102305188775063,-0.102488376200199,-0.0765956565737724,-0.0936881229281425,-0.0984059870243073,0.0953812673687935,0.0222745910286903,-0.0898292139172554,-0.101673066616058,-0.101640276610851,0.0981874987483025,-0.102684147655964,0.102555990219116,-0.0654097869992256,-0.0974771901965141,-0.0691689476370811,0.0948198735713959,0.0926801338791847,-0.10135580599308,-0.0732397362589836,-0.0810731798410416,0.10264565050602,0.101567156612873,-0.0859460905194283,0.10138863325119,0.102448128163815,0.0987915173172951,-0.0994440913200378,0.102679848670959,0.102338686585426,-0.102452471852303,0.0392055846750736,-0.0584417581558228,0.102705746889114,0.0059022824279964,-0.0417195856571198,0.00295931799337268,0.0922948643565178,-0.0428656749427319,-0.0358903035521507,-0.0941692143678665,-0.101993262767792,0.0990770980715752,-0.102614291012287,-0.101726919412613,0.0985834822058678,-0.102687492966652,-0.10269732773304,-0.0867229476571083,0.101495087146759,-0.0626633167266846,-0.0398137420415878,-0.0891223028302193,0.033726766705513,0.102697499096394,-0.0994566082954407,0.0519273616373539,-0.0894178003072739,0.10202357172966,0.0748635455965996,-0.0935622453689575,0.100455075502396,-0.100845217704773,-0.101570934057236,0.024229034781456,0.101938366889954,0.00754123087972403,0.0820702761411667,-0.0495707765221596,0.0773619562387466,-0.0904337987303734,-0.102222815155983,0.091748021543026,0.102080881595612,-0.0746013298630714,-0.101250350475311,-0.0579763911664486,-0.102631345391273,0.101842120289803,0.0975594148039818,-0.0880965441465378,-0.101113058626652,0.00347102363593876,0.102348431944847,0.0948039367794991,0.0964942574501038,0.0995111912488937,0.0321471057832241,0.102196402847767,0.102705016732216,-0.0991197973489761,-0.102587632834911,0.0626872256398201,-0.0884789749979973,-0.0481314063072205,-0.102627024054527,0.0996114835143089,0.0887851789593697,-0.0251517426222563,-0.0926353856921196,-0.0962885692715645,0.102513395249844,0.101368643343449,0.0846147164702415,0.0997260063886642,-0.102629445493221,-0.0987294092774391,0.102606415748596,0.101488932967186,0.102529518306255,-0.0335054025053978,0.0997755154967308,-0.102275475859642,-0.0738805457949638,0.102670796215534,0.102277047932148,0.0894671231508255,0.025608517229557,0.0985319539904594,0.102502204477787,0.0802199989557266,-0.0729241222143173,-0.082907572388649,0.102638110518456,0.0860863924026489,0.102574869990349,0.0385866388678551
"10",0.0252988450229168,0.106145583093166,0.0629566609859467,0.0201732534915209,0.0787186622619629,-0.0114705814048648,-0.104427374899387,0.10546737164259,-0.104211702942848,-0.00371724902652204,0.103315018117428,0.106017582118511,0.104756660759449,0.105750449001789,0.10543891787529,-0.076901763677597,0.0935238376259804,0.104735665023327,-0.103771440684795,0.0953944027423859,0.0441263467073441,0.0813222676515579,0.106076054275036,-0.104362301528454,-0.104858204722404,0.106137625873089,-0.105710506439209,-0.104019463062286,0.0991086810827255,0.0861480832099915,0.0842747166752815,0.0942606553435326,0.0693217739462852,0.103473290801048,-0.105128772556782,-0.104126647114754,-0.1031374335289,-0.105643667280674,-0.0531777180731297,-0.0912333354353905,-0.0676594153046608,-0.10585705935955,-0.0950002670288086,-0.101198099553585,-0.104324594140053,0.0986002311110497,-0.1058035120368,-0.0986528396606445,-0.0807730257511139,-0.0847818404436111,0.106118693947792,0.106126815080643,0.0969090610742569,0.0913987681269646,0.0213777162134647,-0.104418970644474,0.0732707530260086,-0.105369664728642,0.106166921555996,-0.00478686578571796,-0.0858874246478081,0.029181856662035,-0.0918936356902122,-0.048430360853672,0.0538521036505699,-0.0992830172181129,0.105122059583664,-0.0806508883833885,-0.103444620966911,-0.0999656617641449,-0.093042828142643,-0.0514894761145115,0.098381295800209,0.106028854846954,-0.0292803905904293,0.104462951421738,0.0125335622578859,0.105950832366943,0.0930378884077072,-0.106146298348904,-0.104246094822884,0.0718091577291489,-0.0137021774426103,0.105997979640961,-0.0732770934700966,0.0495051369071007,0.0911178812384605,0.0861523076891899,-0.104534648358822,-0.104498758912086,0.10602106153965,0.0935069546103477,-0.0645171850919724,-0.0982161313295364,-0.104333437979221,-0.0787898376584053,-0.0989959388971329,0.0922259539365768,0.0964840054512024,0.0884981080889702,-0.0548543930053711,-0.0711243227124214,0.102545998990536,-0.0828771218657494,-0.0909502804279327,0.0163103751838207,0.0309162307530642,-0.0663506463170052,0.0993814915418625,-0.105232797563076,-0.0735738947987556,0.10534955561161,-0.00838068127632141,-0.0908801555633545,0.027029599994421,-0.106119029223919,0.06527029722929,-0.0792081654071808,0.0954825654625893,-0.103771910071373,-0.0978473275899887,-0.105930507183075,-0.0915157720446587,-0.105774931609631,-0.105351760983467,-0.0754478201270103,-0.0791804790496826,-0.00980573892593384
"11",0.103791601955891,0.084676630795002,0.0868689492344856,0.0629501864314079,0.103738181293011,0.106264851987362,0.0990982130169868,0.100447110831738,0.0591397807002068,-0.0511296913027763,0.0930557996034622,-0.0899742618203163,0.105596512556076,0.105708360671997,-0.0843805447220802,0.0881365016102791,0.101972542703152,0.0590246915817261,-0.105118446052074,-0.0603769347071648,0.0908644050359726,0.106068290770054,0.102059878408909,0.0348519869148731,0.0951211154460907,0.102272808551788,-0.106301724910736,-0.105655156075954,-0.102485239505768,-0.0907711833715439,0.0992753803730011,0.100963197648525,0.0942845270037651,-0.104637175798416,-0.0989810153841972,-0.0325070843100548,0.091531440615654,-0.103196002542973,-0.103555984795094,-0.0424070209264755,-0.106037117540836,-0.106095895171165,-0.104718513786793,-0.0653780847787857,-0.0913953632116318,0.0735753253102303,-0.106296829879284,-0.105336904525757,-0.0981935933232307,-0.105938822031021,0.106122329831123,0.106172241270542,0.106307491660118,-0.106203205883503,0.0877036452293396,-0.103038132190704,0.105700045824051,-0.0611101761460304,0.106226682662964,-0.0736981257796288,0.106116533279419,0.0912474617362022,0.0413983389735222,0.100062720477581,0.024471640586853,-0.104435011744499,-0.0598664581775665,-0.10629691183567,-0.0547567158937454,-0.105163209140301,-0.105405360460281,-0.035126868635416,0.106113404035568,0.0949279218912125,-0.0618801899254322,0.106291696429253,0.106068886816502,0.106249637901783,0.0574815422296524,-0.1062977835536,0.0664771944284439,0.0982575565576553,-0.0840911567211151,0.0702933222055435,-0.106236003339291,0.000831577170174569,0.105644293129444,0.105756528675556,-0.102007515728474,-0.105848729610443,0.0590607598423958,0.103426218032837,-0.104358218610287,-0.0849741920828819,0.0379340425133705,-0.0559940449893475,0.0410984121263027,0.0948997065424919,-0.0685475245118141,0.106273896992207,-0.106195315718651,-0.105929866433144,0.0458322986960411,-0.084241971373558,0.0749093294143677,0.0522705167531967,-0.0507207252085209,-0.0549074672162533,0.079754650592804,0.0747917145490646,-0.0557790324091911,0.1062848046422,-0.020105391740799,-0.0377590879797935,-0.0565934143960476,-0.106307424604893,-0.0901119336485863,0.0327162332832813,0.106307573616505,-0.103366568684578,-0.0272140875458717,0.077801801264286,-0.0829639062285423,-0.0943614989519119,-0.0776084959506989,-0.0954462662339211,-0.104859374463558,-0.0789385512471199
"12",0.0892291143536568,0.0892291143536568,-0.0892291143536568,0.0892291143536568,-0.0892291143536568,-0.0892291143536568,-0.0892291143536568,0.0888979732990265,-0.0892291143536568,-0.0892291143536568,-0.0892291143536568,0.0892291143536568,0.0892291143536568,-0.0892283841967583,-0.087757483124733,0.0892291143536568,0.0892291143536568,0.0892291143536568,-0.0798596516251564,-0.0892291143536568,-0.0892291143536568,-0.0892291143536568,0.0892291143536568,-0.0892291143536568,-0.0892291143536568,-0.0632845163345337,-0.0844363868236542,-0.0892291143536568,0.0892291143536568,0.0892291143536568,0.0892291143536568,-0.0892291143536568,0.0892291143536568,-0.0892291143536568,0.0892291143536568,-0.0892291143536568,-0.0892291143536568,0.0892291143536568,-0.0892291143536568,-0.0892288088798523,-0.0892291143536568,-0.0892291143536568,-0.0892291143536568,-0.0892291143536568,-0.0413105972111225,-0.0892291143536568,-0.0892291143536568,-0.0892291143536568,-0.0892291143536568,-0.0776179060339928,-0.0892291143536568,0.0892291143536568,0.0892291143536568,0.0892291143536568,-0.0892291143536568,-0.0892156437039375,-0.0892291143536568,0.0892235934734344,0.0892135426402092,0.089228980243206,-0.0892287939786911,0.0892289280891418,-0.089192159473896,-0.0892286002635956,-0.0892291143536568,-0.0892291143536568,0.0892291143536568,0.0892291143536568,-0.0892288908362389,-0.0892291143536568,-0.0892291143536568,-0.0892291143536568,-0.0892291143536568,0.0892291143536568,-0.0892291143536568,-0.0892291143536568,0.0892290621995926,0.0892291143536568,-0.0892287641763687,-0.0892291143536568,-0.0889682099223137,0.0892291143536568,-0.088375486433506,0.0892291143536568,0.0883024334907532,-0.0892291143536568,0.0892291143536568,0.0892291143536568,-0.0892291143536568,0.0892291143536568,0.0892291143536568,0.0892291143536568,-0.0892291143536568,0.0892291143536568,-0.0892246440052986,-0.0892291143536568,-0.0892291143536568,0.0892291143536568,-0.0892291143536568,-0.089229017496109,-0.0892291143536568,-0.0892291143536568,0.0892291143536568,-0.0892291143536568,0.0892291143536568,0.0890981405973434,-0.0892291143536568,0.0892291143536568,0.0892291143536568,-0.0892291143536568,0.0879165977239609,0.0892291143536568,-0.0892291143536568,-0.0892291143536568,-0.0892291143536568,-0.0892291143536568,-0.0892291143536568,0.0660688653588295,0.0892291143536568,0.0892291143536568,0.0892291143536568,-0.0892291143536568,0.0892291143536568,-0.0892291143536568,-0.0892283096909523,-0.0892291143536568,0.0892291143536568,0.0892291143536568
"13",0.0925367325544357,0.0591291859745979,-0.0516806989908218,0.00723576406016946,0.0973431691527367,0.0977499186992645,0.0977482721209526,0.0842694789171219,0.0930856019258499,-0.0317804738879204,-0.0953366234898567,-0.0977368727326393,0.097611129283905,-0.0970190092921257,-0.0894635319709778,0.0463915541768074,0.0872404277324677,0.0510054156184196,-0.0977264121174812,-0.0970279797911644,0.0966927781701088,0.0962871760129929,-0.0976782664656639,0.0614582002162933,0.0734764784574509,0.034897442907095,0.0961790680885315,0.0672456249594688,-0.0977495536208153,-0.097749836742878,-0.0875681862235069,-0.0973235219717026,0.0977479368448257,-0.0977330505847931,-0.00314481975510716,0.0968761518597603,0.0956621393561363,-0.0977466776967049,0.0627216845750809,-0.09713364392519,-0.00532590877264738,0.0976914390921593,-0.0970231592655182,0.0968586131930351,0.0977411270141602,0.095578208565712,-0.0977465584874153,-0.0976098850369453,0.0926771461963654,-0.0974336117506027,0.0977487191557884,0.0976745560765266,0.0977467447519302,-0.0977486819028854,0.0893902778625488,-0.0953710377216339,0.0977497547864914,-0.053945317864418,0.0753478035330772,-0.0746253058314323,0.0977498888969421,0.0372732020914555,0.0937143564224243,0.097654215991497,-0.0846585780382156,0.0973069742321968,-0.0976039990782738,-0.0977390855550766,-0.0754340216517448,0.0783009082078934,-0.0970432236790657,0.0837175473570824,0.0975895076990128,-0.0675330385565758,-0.0949398130178452,0.0977492108941078,0.0977441966533661,-0.0976160317659378,0.0976404696702957,-0.0977202579379082,0.0977457016706467,-0.0977410227060318,0.0664593204855919,-0.085852786898613,-0.0968799814581871,-0.0971243530511856,0.0975693836808205,0.0971984565258026,-0.0977217331528664,-0.0963299721479416,-0.0974129736423492,0.0977409482002258,-0.0970964655280113,0.0853032842278481,-0.0511998161673546,0.0948754325509071,0.0977458357810974,-0.0341563411056995,0.0472897291183472,0.0977488458156586,-0.0977500379085541,-0.0977497026324272,-0.0743888020515442,-0.00509344227612019,-0.0898369252681732,0.0620781965553761,0.0977233275771141,-0.0974501520395279,-0.0966208130121231,0.0976362898945808,-0.0976136922836304,0.0977500379085541,-0.0970571115612984,-0.0917545706033707,0.0962788686156273,-0.0977490246295929,0.0977452397346497,0.0976398661732674,0.0977500379085541,-0.097443975508213,-0.097747728228569,0.0977082550525665,0.097747303545475,0.0842101573944092,0.0154670430347323,-0.0755387172102928,-0.0975062698125839,-0.097642607986927
"14",0.0945158302783966,-0.126057505607605,-0.0861123949289322,-0.105345256626606,0.0284342411905527,0.110218718647957,0.144907906651497,0.112097814679146,0.123941600322723,0.125076711177826,-0.0136661399155855,0.044203445315361,-0.054235152900219,0.0568416900932789,-0.124558165669441,-0.0620758011937141,0.0101542677730322,0.0346653424203396,-0.0508479326963425,-0.0407408475875854,0.0355141460895538,-0.0487802922725677,0.0560589991509914,0.147948831319809,-0.00745807215571404,0.0813017934560776,0.0411671213805676,0.0163379739969969,-0.0523990765213966,0.080324649810791,-0.042932465672493,-0.138657405972481,-0.0729139819741249,-0.134214326739311,0.152716487646103,0.0752989128232002,0.0319382473826408,0.059458639472723,0.0258910246193409,0.0353417843580246,-0.0178069639950991,0.0264447368681431,-0.00725771905854344,-0.0329692922532558,0.012712131254375,-0.121116355061531,-0.137116625905037,-0.163711607456207,0.0448981896042824,-0.121470361948013,0.0397378727793694,0.126222610473633,0.109775185585022,-0.153980448842049,0.125618368387222,0.0441320389509201,0.0771061182022095,-0.0656912848353386,-0.0738803446292877,-0.0892126187682152,0.0187877882272005,0.0703446194529533,0.0643299072980881,0.0429682917892933,-0.126045301556587,-0.0219800304621458,-0.106897599995136,-0.0661850869655609,-0.0621794052422047,0.0465316660702229,0.0412187948822975,0.119492068886757,-0.0316346473991871,-0.136682122945786,0.140629306435585,0.117080740630627,0.102779947221279,-0.0229971650987864,-0.00690636364743114,0.0444608964025974,0.154216036200523,-0.00208077649585903,0.0810487493872643,-0.0117173958569765,0.00433458667248487,-0.0186117645353079,0.139073312282562,-0.0927363038063049,-0.00497478432953358,-0.0970882102847099,-0.157975628972054,0.0788389891386032,-0.0886639952659607,0.0664959996938705,-0.0343065336346626,0.176258981227875,-0.13681349158287,-0.0315632708370686,0.0352430939674377,0.140949755907059,-0.084441639482975,-0.110621236264706,0.0845366269350052,0.119018360972404,-0.0390690378844738,0.140504524111748,-0.0265484526753426,0.0304154828190804,-0.0147415809333324,0.0972099155187607,-0.0520004145801067,0.11164166778326,0.0908369123935699,-0.0517549179494381,-0.159652754664421,0.065712533891201,0.079325295984745,-0.00261992169544101,0.130971536040306,0.00420118076726794,0.109782598912716,0.109659932553768,0.111163072288036,0.125251710414886,0.0881567597389221,0.0782659202814102,-0.0700225979089737,0.0737005919218063
"15",-0.0936529710888863,0.0924257934093475,0.0631783977150917,-0.105777353048325,-0.0219021514058113,-0.0396107099950314,0.0862097591161728,-0.0886515900492668,0.0596696101129055,-0.0485487543046474,-0.0799479112029076,0.109793774783611,-0.100140884518623,0.0408820621669292,0.102250181138515,0.106907479465008,0.0551939085125923,0.114878304302692,-0.112700715661049,0.107034794986248,0.115076206624508,0.107273995876312,-0.0424505732953548,-0.085969902575016,0.109909310936928,-0.0935606509447098,0.0940114036202431,-0.0183201096951962,-0.0340627171099186,-0.10638153553009,-0.110152363777161,-0.0108638722449541,-0.0972565114498138,-0.106614470481873,0.027836786583066,-0.0389848239719868,0.0599276982247829,-0.111891686916351,0.115289688110352,-0.0113850021734834,0.0248774867504835,0.110244452953339,-0.105443023145199,0.0804700180888176,-0.048182912170887,0.0970836356282234,-0.0831182152032852,0.106789246201515,0.113892242312431,-0.104179516434669,0.0729240775108337,0.107822053134441,0.115534976124763,-0.11279484629631,0.0240795649588108,0.0594892464578152,0.110643535852432,-0.0914283245801926,0.115704238414764,0.0961452201008797,0.110848516225815,-0.00631239591166377,0.0940528512001038,-0.0555986128747463,0.0703913047909737,0.0432228110730648,-0.111742243170738,-0.0842206031084061,0.0711373686790466,-0.0541715249419212,-0.106763079762459,-0.046806663274765,-0.0173996668308973,-0.0905404463410378,-0.0842901021242142,0.113098151981831,0.0989591702818871,0.0971052721142769,0.0114311296492815,-0.114324793219566,0.0450917333364487,0.0127138514071703,0.100606948137283,0.0992363318800926,-0.113401561975479,-0.086067870259285,-0.0505131557583809,0.0283460523933172,-0.0524422340095043,-0.111981995403767,-0.101888842880726,0.108589097857475,0.0820694491267204,0.10797157138586,-0.0928393751382828,-0.0582651160657406,0.0650621876120567,-0.0880183354020119,0.0774004682898521,0.113882809877396,-0.114326767623425,-0.112202994525433,-0.0749038234353065,-0.06751748919487,0.114671766757965,-0.0998984947800636,0.0436455830931664,-0.101020447909832,0.108689114451408,0.0769032686948776,-0.115805678069592,0.106407433748245,-0.0976468101143837,0.10058381408453,-0.0947113782167435,-0.104751795530319,-0.028592536225915,0.00633562542498112,0.115675784647465,-0.0971898809075356,-0.111264653503895,-0.115064725279808,-0.0805027261376381,-0.110283277928829,-0.107010371983051,0.110495656728745,-0.11400243639946,-0.0217018034309149
"16",0.109573028981686,0.0405636876821518,0.106408841907978,-0.0789271295070648,0.109446465969086,0.106517814099789,-0.0376106165349483,0.0891185775399208,0.101532071828842,0.0749237909913063,0.111681826412678,0.110481813549995,-0.00785744376480579,0.107548095285892,0.0547051467001438,-0.111801490187645,-0.106206804513931,-0.110754311084747,0.0813828334212303,-0.106764174997807,-0.0165976248681545,-0.00681595504283905,0.0974116250872612,-0.10471948236227,-0.111950315535069,0.111881174147129,0.07259501516819,0.110189765691757,-0.108756363391876,-0.0960721895098686,0.111513413488865,0.0648055225610733,-0.0273724943399429,0.0792692378163338,-0.111925087869167,0.100406475365162,-0.101670011878014,-0.108240030705929,-0.10660009086132,-0.0603549368679523,-0.0139853321015835,-0.110421240329742,0.10469064116478,0.108633577823639,-0.111164338886738,0.0783353820443153,0.108347050845623,-0.105726517736912,-0.111026979982853,-0.0745401829481125,0.0990631952881813,0.105913743376732,-0.0667835026979446,-0.00991349015384912,0.0513235963881016,-0.0124658811837435,0.0358967110514641,-0.0723312571644783,-0.0755941420793533,-0.0931413173675537,-0.0899323299527168,0.0236769281327724,0.10691062361002,0.101038202643394,0.101608276367188,-0.110727593302727,0.0753837153315544,-0.10673450678587,-0.0723589658737183,-0.054763063788414,-0.101556792855263,-0.1095205321908,0.0421259813010693,0.0104454075917602,0.0580891966819763,-0.0873021259903908,0.0432385019958019,0.0639801323413849,-0.0895329937338829,-0.0172369554638863,-0.0947863012552261,0.0500344932079315,-0.110306546092033,-0.110589914023876,0.0971395373344421,0.111448541283607,0.103960260748863,0.080132856965065,-0.111498512327671,0.0989098250865936,0.102437354624271,-0.111027620732784,-0.111409105360508,-0.11058371514082,-0.0673659667372704,0.0980291068553925,-0.107744544744492,0.0850024595856667,0.111605696380138,-0.0783728435635567,0.0262745041400194,0.10288929194212,0.0903483331203461,-0.0488053821027279,-0.102341644465923,0.0558105669915676,0.0109873292967677,-0.0522653721272945,0.0584867671132088,0.0872057005763054,0.108628295361996,-0.0921502932906151,0.0661949068307877,-0.107417419552803,-0.00611674692481756,0.0717611759901047,0.109709121286869,0.101375788450241,0.0752589404582977,-0.0734058767557144,0.106625467538834,0.0998595803976059,-0.112019822001457,0.0836427137255669,0.0504607036709785,0.0377546660602093,-0.108662441372871,-0.104245640337467
"17",0.0893729850649834,0.0893729850649834,-0.0893725529313087,0.0893729850649834,-0.0893729850649834,-0.0893729850649834,-0.0893729850649834,0.0893729850649834,-0.0893729850649834,-0.0893729850649834,-0.0893729403614998,0.0893729850649834,0.0893729850649834,0.0893729850649834,-0.0893729105591774,0.0893729850649834,0.0893729850649834,0.0893729850649834,-0.0893729850649834,-0.0893729850649834,-0.0893729850649834,-0.0892569124698639,0.0893729850649834,-0.0893729850649834,-0.0893729850649834,0.0893729850649834,-0.0893729850649834,-0.0893729850649834,0.0893724709749222,0.0893729850649834,0.0893729850649834,-0.0893493965268135,0.0893729850649834,-0.089360311627388,0.0860844627022743,-0.0893729850649834,-0.0893729850649834,-0.089111290872097,-0.0893729850649834,-0.0893729850649834,-0.0893729850649834,-0.0893729850649834,-0.0893729850649834,-0.0893729850649834,-0.0893729850649834,-0.0807253122329712,-0.0893729850649834,-0.0893729850649834,-0.0893729850649834,-0.0893706753849983,0.0893729850649834,0.0893729850649834,0.0893729850649834,0.0893729850649834,-0.0893729850649834,-0.0893729850649834,-0.089020237326622,-0.0893729850649834,0.0893729850649834,0.0893729850649834,0.0893698483705521,0.0893729031085968,-0.0893729850649834,-0.0892098769545555,-0.0890499353408813,-0.0893729850649834,0.0893729850649834,-0.0893721282482147,-0.0893729850649834,-0.0893729850649834,-0.0893729850649834,-0.0893729850649834,0.0893729850649834,0.0893729850649834,-0.0893729850649834,0.0893729850649834,0.0815569758415222,0.0893729850649834,-0.0893630534410477,-0.0893729850649834,0.0893626511096954,0.0893725827336311,0.0893728956580162,0.0893729850649834,-0.0893719345331192,-0.0893729850649834,0.0893729850649834,0.0893729850649834,-0.0893729850649834,-0.0893063917756081,0.0893729850649834,0.0893729850649834,-0.0893729850649834,-0.0893456637859344,-0.0893729850649834,-0.0893729850649834,-0.0893729850649834,0.0893729850649834,-0.0893712490797043,0.0893729850649834,-0.0893729850649834,-0.0893729850649834,0.0893729850649834,-0.0893729850649834,0.0536671653389931,0.0893729850649834,0.0893728658556938,0.0893449410796165,0.0893729850649834,-0.0893729850649834,-0.0893720760941505,0.0893729850649834,-0.089360237121582,-0.0893729850649834,-0.075300969183445,-0.0893729850649834,0.0893132984638214,0.0587496943771839,0.0893729850649834,-0.0893725678324699,0.0503653399646282,-0.0893729850649834,0.0893729850649834,-0.0893729850649834,-0.0816613808274269,-0.0893729850649834,0.089372955262661,0.0892310366034508
"18",0.0890099853277206,0.0890099853277206,-0.0890099853277206,-0.0890099853277206,0.0890099853277206,0.0889413729310036,0.0890099853277206,0.0890099853277206,-0.0680434331297874,0.0890099853277206,0.0890099853277206,0.0890099853277206,-0.0890099853277206,-0.0889415517449379,0.0890099853277206,-0.0890099853277206,-0.0890099853277206,-0.0743703916668892,-0.0890097916126251,0.0888082757592201,0.0890099853277206,0.0882468894124031,0.0890099853277206,0.0890099853277206,-0.0890099406242371,0.0890099853277206,0.0890099853277206,0.0890099853277206,0.0890099853277206,-0.0890084207057953,0.0890094935894012,-0.0890099853277206,-0.0890099853277206,-0.0524004735052586,0.088981606066227,0.0890099853277206,0.0890099853277206,-0.0890096724033356,0.0890099853277206,0.0890099853277206,-0.089009203016758,0.0890099853277206,0.0890099853277206,0.0890099853277206,0.0889851003885269,-0.0890099853277206,-0.0868062153458595,-0.0890099853277206,0.0890099853277206,-0.0890099853277206,0.0890099853277206,0.0890099853277206,0.0889980271458626,0.0890099853277206,0.0890099853277206,0.0890099853277206,-0.0890099853277206,0.0890099853277206,-0.0890099853277206,-0.0890099853277206,-0.0890099853277206,-0.0890099853277206,0.0890099853277206,0.0878221392631531,-0.0890099853277206,-0.0890099853277206,0.0890099853277206,0.0890099853277206,-0.0890099853277206,0.08897365629673,0.0890099853277206,0.0890099853277206,-0.0890099853277206,-0.0881370827555656,0.0890099853277206,-0.088943749666214,-0.0888692587614059,-0.0889345929026604,0.0890099853277206,-0.0890099853277206,-0.0884464755654335,-0.0890051200985909,-0.0890099853277206,0.0890099853277206,0.0890099853277206,0.0890099853277206,0.0801728814840317,-0.0890099853277206,-0.0889289230108261,-0.0890099406242371,-0.0890099853277206,0.0890027284622192,-0.0888872072100639,0.0890099853277206,-0.0890095457434654,0.0890099853277206,-0.0890099853277206,-0.0890099853277206,0.0890099853277206,0.0890078097581863,0.0890099853277206,-0.0890099853277206,0.0890099853277206,0.0890076458454132,-0.0890099853277206,0.0890099853277206,-0.0890099853277206,0.088913694024086,0.0861975848674774,0.0890099853277206,-0.0890052393078804,0.0890099853277206,0.0890099853277206,0.0884914249181747,-0.0890099853277206,0.0890099853277206,0.0890099853277206,0.0890099853277206,0.0890099853277206,-0.0890099853277206,-0.0890099853277206,0.0890098810195923,-0.0890099853277206,0.0890099853277206,0.0890099853277206,0.0890099853277206,-0.0890099853277206,0.0890099853277206
"19",0.0968243777751923,0.104104526340961,0.0600479207932949,-0.0857386589050293,0.0926792100071907,0.103580184280872,0.104279577732086,0.0709874778985977,0.10426389425993,-0.0998785868287086,0.0929044634103775,-0.0180611535906792,-0.0844776481389999,0.0665566772222519,0.00862520840018988,0.100407868623734,-0.089548796415329,0.0724404603242874,-0.104248531162739,0.101368196308613,0.103835612535477,0.103779435157776,-0.0600856728851795,0.102507561445236,0.102931536734104,0.0418726317584515,0.0631918013095856,0.0490118339657784,-0.100734479725361,-0.104274660348892,0.00564844440668821,0.0738731473684311,0.0722638666629791,-0.104293338954449,-0.10027851909399,-0.0650192499160767,0.104199193418026,-0.104150153696537,0.0871477872133255,0.0634765401482582,-0.0985692963004112,0.0611787438392639,-0.0486066155135632,0.0648105219006538,0.0880305469036102,0.0730282515287399,-0.0394112356007099,0.0715278908610344,0.103871591389179,-0.104267045855522,0.103934496641159,0.0921531319618225,0.104293495416641,-0.104202017188072,0.0667432174086571,0.0982467979192734,0.103815488517284,0.104221746325493,0.104292832314968,0.0936861708760262,0.104292534291744,0.0991102606058121,0.0956032946705818,0.103028640151024,0.104147002100945,-0.103850290179253,-0.0904575809836388,-0.0962671563029289,0.0990923047065735,-0.104020856320858,-0.10353396832943,-0.0998290777206421,-0.0427274890244007,-0.0999357178807259,-0.0818871408700943,0.103588208556175,0.104154638946056,0.104004114866257,0.0313277393579483,-0.104260265827179,0.0982856452465057,0.099845327436924,-0.0138980625197291,0.0597134046256542,-0.104138322174549,-0.103051111102104,0.0972566530108452,-0.00154515006579459,-0.0841450318694115,-0.103451393544674,-0.103942044079304,0.104166842997074,0.0938358381390572,0.103134550154209,0.0930003374814987,-0.0996274426579475,0.0920524075627327,-0.0314898937940598,0.0922637209296227,0.103716790676117,-0.104292094707489,-0.103790618479252,-0.00271493010222912,-0.103263191878796,0.10282239317894,-0.0704134702682495,0.086772508919239,-0.0995155721902847,0.100124016404152,0.0181726906448603,-0.0216969065368176,0.10395073145628,-0.101815789937973,0.0989319980144501,-0.10371507704258,-0.104291930794716,-0.0416308753192425,0.0932400226593018,0.104294441640377,0.077129103243351,-0.103490956127644,-0.0724810212850571,-0.00930148828774691,0.00105986860580742,-0.101245120167732,-0.0254089776426554,-0.1035540625453,0.0860616117715836
"20",0.0885315611958504,-0.153807297348976,0.0222359243780375,0.0968909785151482,-0.0942940786480904,0.0861744359135628,0.148073494434357,0.00902110431343317,0.172286629676819,0.132257968187332,-0.029506953433156,0.00286117778159678,-0.0677274465560913,-0.0337440744042397,0.0608697570860386,0.0315407998859882,-0.0277968998998404,0.0674840807914734,-0.0506353415548801,0.0781810432672501,0.127454042434692,-0.057633601129055,-0.129498660564423,-0.00501882471144199,0.0592407621443272,0.0705582797527313,0.126409098505974,0.0926621928811073,-0.109128996729851,0.0489371791481972,-0.0807720869779587,-0.0922593399882317,-0.0326362624764442,-0.130208730697632,0.105222344398499,0.0305334851145744,0.0803806558251381,-0.110213130712509,0.149207293987274,0.0949894413352013,0.0988538488745689,-0.00287273968569934,-0.0306391045451164,-0.047316063195467,0.136571183800697,-0.0608086511492729,-0.0341040901839733,-0.072094239294529,0.0612518787384033,-0.0652417615056038,-0.0154524566605687,-0.0352906212210655,0.141514554619789,-0.0873365625739098,0.186942130327225,0.0686759054660797,0.0173532590270042,-0.022994089871645,0.0449657514691353,-0.0140328863635659,-0.0982860624790192,0.0608475171029568,0.092642605304718,0.127722308039665,0.0240653920918703,0.142840594053268,-0.192321926355362,-0.0285148620605469,0.0145631041377783,0.0982233285903931,-0.000658380333334208,0.121279492974281,0.0772093012928963,-0.0897522419691086,-0.0336243771016598,0.182151839137077,0.00837398134171963,-0.109194852411747,0.0105593670159578,-0.0124730579555035,0.157880574464798,-0.0229665208607912,0.0725347027182579,-0.0690509602427483,-0.0551779381930828,-0.0956526249647141,0.0424652248620987,0.0346806757152081,-0.115605995059013,-0.138168662786484,-0.0249660238623619,0.107301719486713,0.0164446532726288,0.0897789001464844,-0.0264777634292841,0.122393235564232,-0.0506589263677597,-0.000178805232280865,0.0305021535605192,0.111395359039307,-0.134131491184235,0.0194984171539545,-0.0143906911835074,-0.0191794969141483,0.132834285497665,-0.0977317988872528,-0.0312681719660759,-0.0291579384356737,0.0268883015960455,0.113236524164677,-0.0337361060082912,0.140641078352928,0.0629310384392738,0.0892639383673668,-0.125956177711487,-0.073783241212368,0.0296163503080606,-0.0108058089390397,0.124483987689018,0.0477394536137581,-0.0591870881617069,-0.0378165505826473,0.113390557467937,-0.17648957669735,0.152954787015915,0.0995406433939934,-0.116217613220215,-0.00605260720476508
"21",0.109230861067772,0.109067969024181,0.030006404966116,-0.0449794046580791,0.116028010845184,-0.0577045828104019,-0.106559105217457,0.112072162330151,0.00557608203962445,-0.115203008055687,0.0151361068710685,-0.0333280488848686,0.109996125102043,0.115225493907928,-0.0853486284613609,0.0154208596795797,0.0736197829246521,0.0195231884717941,-0.114261463284492,-0.116063013672829,-0.101042315363884,-0.0467092879116535,0.106678381562233,-0.0817484334111214,0.0131232924759388,0.0706577748060226,-0.111933797597885,-0.0964257046580315,0.0784859135746956,-0.0707882791757584,-0.0396194867789745,0.0470683909952641,0.116969421505928,-0.0336152650415897,-0.0511954985558987,-0.105805903673172,-0.0785774141550064,-0.0996332243084908,-0.117219731211662,-0.0996025949716568,-0.0431303270161152,-0.113439843058586,-0.113586083054543,0.0303727351129055,-0.098394900560379,-0.0990014746785164,-0.114119775593281,-0.116745688021183,0.0612942427396774,0.00281260022893548,0.101753033697605,0.116727471351624,0.061598252505064,0.0828884243965149,-0.00266112643294036,-0.00548469182103872,0.0312733761966228,-0.115087620913982,-0.0150287887081504,-0.112458631396294,0.0345120541751385,0.103718921542168,0.0524109452962875,0.00434129917994142,-0.00523704383522272,-0.102378822863102,0.10781641304493,-0.113467119634151,0.10269483923912,-0.116321288049221,-0.117018342018127,0.0875932201743126,0.0759812593460083,0.11566736549139,-0.105393312871456,0.111765168607235,0.00278509221971035,0.100882671773434,-0.0349863134324551,-0.116721451282501,-0.0654407441616058,0.000512646685820073,-0.108299039304256,0.0794676765799522,-0.109088234603405,-0.108032122254372,0.114946812391281,0.116768598556519,-0.117210738360882,-0.0924720466136932,0.0674475654959679,-0.00795930065214634,-0.11650325357914,-0.105302304029465,0.00624417886137962,-0.090888038277626,0.0846133753657341,-0.0359406359493732,0.0748404264450073,0.115621902048588,-0.11594895273447,-0.112650729715824,0.0341532602906227,-0.113144174218178,0.114142529666424,0.0430478043854237,0.11504091322422,-0.0546281412243843,0.0969165340065956,-0.064942330121994,-0.117053918540478,0.111948505043983,-0.114753067493439,-0.107552513480186,0.100555561482906,-0.115974262356758,0.110972180962563,0.0692978948354721,0.11608898639679,-0.115649148821831,-0.0895366296172142,0.0228510443121195,-0.0481769628822803,-0.007009566295892,-0.0467495433986187,-0.0902367308735847,-0.113469950854778,-0.106048911809921
"22",0.0990639626979828,0.0685037225484848,0.0596563331782818,-0.0134396879002452,0.135641381144524,0.105656035244465,0.0830824226140976,-0.0520199052989483,-0.00293961283750832,-0.0815694481134415,-0.104847528040409,-0.138310670852661,-0.104058146476746,-0.0557399801909924,-0.115038752555847,-0.0128758372738957,0.0777146965265274,-0.0558478869497776,0.0296515971422195,-0.0514034703373909,-0.073948048055172,-0.0518140904605389,0.0357666686177254,0.16696073114872,-0.108197517693043,0.112316720187664,0.0665822625160217,-0.0684457346796989,-0.0786366984248161,-0.114478148519993,0.0179860442876816,-0.0555353313684464,0.170728713274002,-0.0691798478364944,0.149695575237274,0.0338075272738934,0.0102440724149346,-0.0929186716675758,-0.0989725738763809,-0.0922694429755211,-0.0810468792915344,0.037820678204298,-0.134895190596581,0.0224105007946491,-0.00363547960296273,0.000601588923018426,0.0161792524158955,-0.113913759589195,-0.0682928636670113,-0.0954689159989357,0.0951042398810387,0.144763693213463,0.0980274006724358,-0.130265831947327,0.0110617401078343,0.0936645716428757,0.081036813557148,0.0716412663459778,0.0855118185281754,0.0947627797722816,0.154109165072441,-0.144318476319313,-0.092535138130188,-0.0310715343803167,-0.132037952542305,0.0469462536275387,0.0676997676491737,0.0633215010166168,0.0877653434872627,-0.135871440172195,-0.167825669050217,-0.0479347929358482,-0.147866293787956,0.0463690347969532,-0.0327409356832504,-0.00293545098975301,0.050411906093359,0.00713035929948092,0.0153839038684964,-0.00101041421294212,0.113705568015575,-0.101275622844696,0.0558229051530361,0.0603289119899273,0.0394619889557362,-0.105073809623718,0.166774347424507,-0.00285392557270825,-0.0229196380823851,0.0835445523262024,0.00976860336959362,0.0794877782464027,-0.016878554597497,-0.0773058533668518,0.0689388960599899,-0.0464524179697037,-0.0103012025356293,0.0337183587253094,0.0368991531431675,-0.134283766150475,-0.162830695509911,-0.0244234893471003,0.160058230161667,-0.0281976982951164,-0.0502147525548935,0.0825587883591652,0.10130862146616,-0.133539259433746,0.0799320638179779,0.0511630438268185,-0.0809050053358078,0.133031561970711,0.0487103015184402,-0.129125580191612,0.00860419310629368,-0.0110209044069052,0.173747524619102,-0.0371379666030407,0.174621865153313,0.00713820802047849,0.0123737575486302,0.1526820063591,0.123998589813709,0.0392934083938599,-0.0413382798433304,-0.0485759600996971,-0.0178100597113371,0.0728238523006439
"23",0.0874330326914787,0.0908846333622932,0.0908846333622932,-0.0880657583475113,0.0908843353390694,-0.0603976771235466,-0.0908846333622932,0.0893273428082466,-0.0908846333622932,-0.0908810719847679,0.0908627361059189,0.0908846333622932,0.0905692651867867,0.0908846333622932,0.0908846333622932,-0.0282380860298872,0.0908834338188171,0.0908846333622932,-0.0908846333622932,0.0908772870898247,0.0908837467432022,-0.0311669204384089,0.0908844843506813,-0.0908846333622932,-0.0908846333622932,0.0908846110105515,-0.0908846333622932,-0.09088434278965,0.0908846333622932,0.09088434278965,0.0777776390314102,-0.0906175300478935,0.0908846333622932,0.0908846333622932,-0.0908845737576485,-0.0907042175531387,-0.0908846333622932,-0.0908846333622932,0.0821761563420296,-0.0908846333622932,-0.0437651947140694,-0.0908846333622932,-0.0884499028325081,-0.0751200839877129,-0.0908846333622932,0.0908645242452621,-0.0908760651946068,-0.090884231030941,-0.0908728688955307,0.0805401653051376,0.0908846333622932,0.0908846333622932,-0.0908801704645157,0.0908846333622932,-0.090679332613945,-0.0908834487199783,0.090858057141304,-0.0908846333622932,0.0908846333622932,-0.0908846333622932,-0.0908845886588097,-0.0908838361501694,-0.0908846333622932,-0.0898956283926964,-0.0908839851617813,-0.0908846333622932,0.0908846333622932,-0.0908846333622932,-0.0908572897315025,-0.0908846333622932,-0.0908846333622932,-0.0908387154340744,-0.0908846333622932,0.0908846333622932,-0.0908846333622932,0.0908843129873276,-0.0908842384815216,0.0908846333622932,0.090884268283844,-0.0908846333622932,-0.0908846333622932,0.0729193314909935,0.0908841416239738,0.0908846333622932,-0.0908846333622932,0.0521347559988499,0.0908846333622932,0.0908846333622932,-0.0908846333622932,-0.0908845290541649,0.0908846333622932,0.0908832475543022,-0.0908846333622932,0.0784860327839851,-0.0908846333622932,-0.090857669711113,-0.0908846333622932,0.0908402800559998,0.0908846333622932,0.0908840522170067,-0.0908846333622932,-0.090884618461132,0.0908846333622932,-0.0908846333622932,-0.0868795663118362,0.0908846333622932,0.0908846333622932,-0.0908845737576485,0.0908846333622932,-0.0908844023942947,-0.0908846333622932,0.0908846333622932,-0.0906305685639381,-0.0908846333622932,-0.0908576846122742,-0.0908846333622932,0.0908846333622932,-0.090882197022438,0.0111581664532423,-0.0908786579966545,-0.0908738970756531,-0.0908846333622932,-0.0908650681376457,-0.0908846333622932,-0.0908846333622932,-0.0807661786675453,-0.0908846333622932,0.0908845663070679
"24",-0.0641281753778458,0.134584203362465,-0.0803988873958588,0.0266506336629391,-0.0865328311920166,-0.0922816619277,-0.0661007687449455,0.112756192684174,0.0546514205634594,-0.0794498324394226,0.0888181626796722,0.0205683801323175,0.119330294430256,0.118833556771278,0.0478277280926704,0.0326835624873638,0.121458999812603,0.105946123600006,-0.0402632094919682,-0.121574394404888,-0.130360171198845,-0.0649525225162506,0.0192937310785055,-0.127519339323044,-0.133094638586044,0.13409486413002,-0.11437077075243,-0.0106720514595509,0.120631970465183,-0.0139972269535065,0.106652647256851,0.0753935948014259,0.0816378742456436,0.0117455720901489,-0.102270387113094,-0.0657176375389099,-0.0491163395345211,0.0775509253144264,-0.118786960840225,-0.110345132648945,-0.0353128276765347,-0.0798106417059898,0.113220430910587,-0.118237748742104,-0.106682412326336,-0.0695775672793388,0.000703749130479991,-0.107864879071712,-0.0407962314784527,0.0557001754641533,0.0956190973520279,0.109094895422459,-0.102788582444191,0.13286018371582,0.0334578901529312,-0.013372827321291,-0.0264389924705029,0.0166435576975346,-0.0106899170204997,0.0907197967171669,-0.133587375283241,0.0115528265014291,-0.115523591637611,-0.00830119382590055,0.0937579572200775,-0.132667645812035,0.116728335618973,-0.0780548378825188,-0.120534189045429,0.0445331111550331,0.084097258746624,-0.0235378593206406,0.0278351902961731,0.13492126762867,0.0237388368695974,0.0754606574773788,-0.0612198412418365,0.108734011650085,0.0712005868554115,-0.0924076065421104,-0.100156083703041,0.117455035448074,-0.113518759608269,0.133013889193535,0.123704209923744,-0.0845720395445824,0.0699351206421852,0.0416550524532795,-0.112841404974461,0.0598351322114468,-0.0596922636032104,0.0645584836602211,0.0394554957747459,-0.104082025587559,0.0504282526671886,-0.0798032209277153,-0.0669714584946632,-0.0959427952766418,0.0288089849054813,0.11054190248251,0.0359664522111416,-0.0950604826211929,-0.0716867223381996,-0.0933048874139786,-0.126175671815872,0.0198381505906582,-0.109359845519066,-0.00353862950578332,0.12995545566082,-0.112549774348736,0.0138121731579304,0.0957608446478844,-0.0862488225102425,-0.127644449472427,-0.114426992833614,-0.131145432591438,0.0548137314617634,0.107594452798367,0.0664842128753662,-0.124647743999958,-0.124821580946445,0.0828842967748642,0.111932657659054,0.0536340549588203,-0.016387639567256,-0.0712328627705574,0.0831343829631805,-0.0486784875392914
"25",0.0595946870744228,-0.0280847400426865,-0.147470608353615,-0.060945849865675,0.0566044524312019,0.101303212344646,0.138521268963814,0.145354613661766,0.0147641589865088,-0.0856652036309242,-0.131856232881546,-0.0968876481056213,-0.0567203052341938,0.0362540557980537,-0.133196949958801,-0.0756664127111435,-0.119854830205441,0.0950615406036377,-0.0210268218070269,-0.13423815369606,-0.114601150155067,0.086016021668911,0.120676070451736,0.157339841127396,0.033779863268137,0.00964530557394028,0.0647934749722481,0.0503829568624496,-0.131456464529037,-0.0475075729191303,-0.0379156470298767,-0.150804162025452,-0.0437995158135891,-0.0959083959460258,0.142354488372803,-0.0464293770492077,0.12034797668457,-0.0934882611036301,0.0190295521169901,-0.0168481264263391,-0.0113129522651434,0.0438794381916523,-0.149022221565247,0.143350094556808,0.134533643722534,-0.0828995779156685,-0.162641361355782,-0.143377482891083,-0.0246615558862686,-0.0179833229631186,0.0799802169203758,0.044360376894474,0.0533942095935345,-0.143712475895882,-0.000322529143886641,-0.00106173031963408,0.0264872759580612,-0.0742434561252594,-0.0408378504216671,-0.0437823086977005,0.132680013775826,0.0393596105277538,0.0985358133912086,-0.0263404995203018,-0.104099005460739,-0.0782402977347374,-0.0619963556528091,-0.0111876223236322,0.132835119962692,-0.0979715809226036,-0.121913589537144,-0.0115670524537563,0.0464722290635109,-0.0711002126336098,0.0923628658056259,0.00994956772774458,0.048715990036726,-0.051920585334301,-0.10688104480505,0.0629532635211945,0.140937492251396,-0.0295782666653395,0.0489516519010067,-0.105965413153172,0.0552427135407925,-0.023828063160181,0.0368046350777149,0.0870183706283569,-0.0590819492936134,-0.0451179929077625,-0.0909659415483475,-0.0985723361372948,-0.0202065408229828,0.0601196214556694,0.0136353382840753,0.133653461933136,-0.125370666384697,0.0286391265690327,-0.0675162971019745,0.108873449265957,-0.110238090157509,-0.148972675204277,0.0376195088028908,0.0649273917078972,0.000404391495976597,0.0769767835736275,0.0710192024707794,-0.121967568993568,-0.050910621881485,0.0716207101941109,0.113537929952145,0.00669527892023325,0.0499506555497646,-0.12300967425108,-0.130230277776718,-0.0506385490298271,-0.0533922985196114,-0.0133776096627116,-0.0147252511233091,-0.0782485753297806,0.129556700587273,0.0752657577395439,0.0902707204222679,0.151745617389679,0.0789557844400406,0.105203360319138,0.140433788299561,-0.0759338587522507
"26",0.0985321998596191,-0.118992641568184,0.0531504079699516,-0.012385243549943,-0.0454095676541328,0.0396008230745792,0.110351368784904,-0.0966279059648514,0.106390736997128,0.0536901988089085,-0.081219919025898,0.0848968774080276,0.0366926752030849,0.111364044249058,-0.0305656939744949,0.0769627019762993,-0.115021631121635,-0.103355720639229,-0.119613930583,-0.0164562352001667,0.11437713354826,0.106931157410145,-0.118913032114506,-0.0143830943852663,0.0713480561971664,0.0769123136997223,0.03525260835886,0.00376532087102532,0.0697280764579773,-0.0084723187610507,-0.100960940122604,0.111021652817726,0.106889188289642,-0.0890747606754303,0.0331377200782299,-0.0802321806550026,0.111090905964375,-0.0103915529325604,0.00230577122420073,0.0382045432925224,-0.058876134455204,-0.102276906371117,0.0848006457090378,-0.111753471195698,-0.061181515455246,-0.119161181151867,-0.110486157238483,-0.102053470909595,0.000546608003787696,-0.0682922601699829,0.118132591247559,-0.118309877812862,0.120511956512928,0.0143780894577503,0.102762050926685,-0.107005812227726,0.0851148813962936,-0.0906706675887108,0.0365116186439991,0.0618097856640816,-0.109645336866379,0.111731089651585,0.106868728995323,0.118770942091942,0.119744390249252,-0.0489639341831207,-0.119596183300018,-0.0317728072404861,0.0283461939543486,-0.101761817932129,0.116893224418163,0.0759932920336723,0.118643149733543,-0.102301307022572,0.00458406424149871,0.117831148207188,0.0733470842242241,0.0787597596645355,-0.107052817940712,-0.100786276161671,0.118551723659039,0.0227854046970606,-0.0628040432929993,0.0772995129227638,-0.119930297136307,0.0810362994670868,0.10642547160387,0.117712192237377,-0.0946667492389679,-0.0569537691771984,0.0908681601285934,0.118612341582775,-0.0691220387816429,0.0836440324783325,-0.0912300199270248,0.107580304145813,0.0335687957704067,0.0797074809670448,-0.0591085404157639,0.0723602399230003,-0.12013141065836,-0.0928515717387199,-0.1142872646451,0.0646748915314674,-0.0452003628015518,0.012478444725275,0.00413174042478204,0.113477110862732,0.108078889548779,0.0361321084201336,-0.109973736107349,0.120314456522465,-0.00916336756199598,-0.0307185146957636,-0.119326502084732,-0.115980871021748,-0.110548280179501,0.109432809054852,0.118959695100784,-0.108229868113995,-0.0496934503316879,-0.0725018605589867,0.060314878821373,-0.108939163386822,0.114498175680637,-0.0800768509507179,-0.110020942986012,-0.106864355504513
"27",-0.0940760001540184,0.0948315486311913,-0.00589473126456141,0.0948009267449379,-0.038379468023777,-0.0948284938931465,-0.0948255658149719,0.0948316678404808,-0.0948294922709465,-0.0948315858840942,0.0943567305803299,0.0948249325156212,0.0948286652565002,0.0948316231369972,0.0948316678404808,-0.0321092903614044,0.0691316798329353,0.0948314964771271,-0.0897267535328865,-0.0897451415657997,-0.0926922708749771,0.0894737988710403,0.0945752635598183,-0.0948316305875778,-0.0934132784605026,0.0948309376835823,-0.064856082201004,-0.0947284400463104,0.0948298275470734,0.0911333709955215,0.0271476246416569,0.0947738513350487,0.094831109046936,0.094831608235836,-0.0641068890690804,-0.0948316380381584,-0.0948296263813972,-0.0948309525847435,0.0739296302199364,-0.0948315858840942,0.0243780519813299,-0.0947942584753036,-0.0947915688157082,-0.0948127135634422,-0.0943464264273643,0.0946827158331871,-0.0948277562856674,-0.0948308557271957,0.0248894318938255,0.0948183313012123,0.0948316380381584,0.0943411067128181,-0.0947491899132729,0.094809427857399,0.0920202285051346,-0.0948243960738182,-0.0943297445774078,-0.0948272198438644,0.0948249474167824,0.0592312030494213,-0.0931892618536949,0.0715905353426933,-0.0881349369883537,-0.0946012809872627,0.0947018340229988,0.0885144099593163,0.0948132798075676,0.0570499114692211,-0.0942865461111069,0.0825667604804039,-0.0834798440337181,0.0931607931852341,0.0948299244046211,0.0948316678404808,-0.0947934240102768,0.0947792902588844,-0.0947955474257469,0.0920955687761307,0.0740612670779228,-0.0948284566402435,-0.0948284491896629,-0.0850502327084541,-0.0912541374564171,0.0948316678404808,0.0755241811275482,-0.0947309657931328,0.031067518517375,0.0947818756103516,-0.0948203727602959,0.0756830871105194,0.0948296636343002,0.0948268994688988,-0.089269183576107,0.0156196691095829,-0.0945943966507912,-0.0948023498058319,0.0946547389030457,0.0861113891005516,0.0721771940588951,0.0947947576642036,-0.0948310568928719,-0.0921482741832733,-0.0937227308750153,-0.0945105850696564,-0.0929206982254982,-0.0948276072740555,0.0909708216786385,-0.0948174372315407,0.0941059812903404,-0.0948314666748047,-0.0948150753974915,0.0948316156864166,-0.0948181003332138,-0.0937594175338745,0.0947220474481583,-0.0948316678404808,0.093041330575943,0.00249290745705366,0.0800449550151825,-0.084576852619648,-0.0939933732151985,-0.0948302894830704,0.0913676470518112,-0.0948316380381584,-0.0944857597351074,-0.0884130522608757,0.0838140696287155,-0.0946048498153687
"28",0.0917470902204514,0.118559189140797,0.0609041675925255,0.0416310094296932,-0.102304026484489,0.118697710335255,0.00558259058743715,0.0848060920834541,0.11201848089695,0.0971463695168495,0.116645187139511,-0.0565125569701195,0.117900341749191,0.110510647296906,0.11688394099474,-0.0862019881606102,0.08680659532547,0.0903822705149651,-0.091926097869873,0.117815710604191,0.0506079308688641,0.0617454312741756,0.113092236220837,-0.0661966502666473,0.103404588997364,0.116010636091232,-0.0529227666556835,-0.0572042390704155,-0.117191210389137,-0.0926724597811699,-0.0242678541690111,-0.0379982404410839,0.112988412380219,-0.118164882063866,-0.115027137100697,-0.0691149681806564,0.103675924241543,-0.118309490382671,0.0931323915719986,0.0588306710124016,-0.0525226518511772,-0.0408025309443474,-0.0660880729556084,0.0926826819777489,0.116585686802864,0.0815555155277252,-0.116165712475777,-0.068967193365097,0.0389811359345913,-0.117272824048996,0.118853889405727,0.0801844671368599,0.119023591279984,-0.118437603116035,0.113835707306862,-0.113722763955593,0.118849970400333,0.0897963121533394,0.118592798709869,0.0550933592021465,0.110378958284855,0.113852001726627,0.101547531783581,0.118607237935066,0.0691853761672974,0.0939233154058456,-0.0754033699631691,0.0384160540997982,-0.0722308680415154,0.112214267253876,-0.0447669066488743,-0.0316541232168674,0.0731347277760506,-0.115829035639763,-0.0212686639279127,0.118490375578403,0.119045004248619,0.0619036555290222,0.11335289478302,-0.1175866574049,0.0617200024425983,-0.0796556919813156,0.01089181099087,-0.112451404333115,0.0155246565118432,-0.0360020026564598,0.0636258944869041,0.11042333394289,-0.00568383047357202,-0.0431303083896637,-0.111067153513432,0.117171138525009,0.0760154202580452,0.116894342005253,-0.0967026501893997,0.0237749610096216,0.0404109470546246,-0.0242897607386112,0.107666827738285,0.118004180490971,-0.0256502740085125,-0.114672161638737,0.0696372240781784,0.0517774671316147,-0.000884430075529963,-0.107557207345963,0.0111933089792728,-0.0957780480384827,0.0256644003093243,-0.114854790270329,-0.039858516305685,0.108981423079967,-0.0607039630413055,-0.0567136853933334,-0.0561853684484959,-0.118735678493977,-0.0661837831139565,-0.0711219608783722,0.118764892220497,-0.0312370155006647,-0.0978941693902016,-0.102476872503757,0.0234302654862404,0.0345198512077332,-0.117031022906303,-0.106147788465023,-0.071162186563015,0.0812848955392838
"29",0.0898114442825317,0.0898127853870392,0.089812196791172,0.0874182060360909,0.0898127853870392,-0.0898127853870392,-0.0898125395178795,0.0898127853870392,0.0897184610366821,-0.0898127853870392,0.0898127853870392,0.0898125991225243,0.0898127853870392,0.0898127853870392,0.0245687458664179,0.0884787067770958,-0.0887002572417259,0.0898127853870392,-0.0898127853870392,-0.0898127853870392,-0.0898127853870392,0.0763552039861679,0.0898125171661377,-0.0898127853870392,-0.0898127853870392,0.0898127853870392,-0.0898127853870392,0.0817575454711914,0.0898127853870392,-0.089421734213829,-0.089643582701683,0.0898127853870392,0.0898127853870392,0.0898115411400795,-0.0898127853870392,-0.0898127853870392,-0.0898127853870392,-0.0898127853870392,-0.0898127853870392,-0.0898127853870392,0.0898125246167183,-0.0898127853870392,-0.089766338467598,-0.0898123234510422,-0.0898127853870392,-0.0898127853870392,-0.0898127853870392,-0.0898127853870392,0.0898127853870392,0.0898127853870392,0.0898127853870392,0.0898127853870392,-0.0898127853870392,0.0898127853870392,-0.08852718770504,0.0881050825119019,0.0432889796793461,-0.0898127853870392,-0.0897972211241722,-0.0898126885294914,-0.0898127853870392,0.0898127853870392,0.0785668715834618,-0.083229124546051,0.0898127853870392,-0.0898127853870392,0.0898127853870392,-0.0898127853870392,0.0896549746394157,-0.0898127853870392,-0.0898127853870392,0.088354229927063,0.0898127853870392,0.0898127853870392,-0.0898127853870392,0.0898127853870392,-0.0898127853870392,0.0898121520876884,0.089629702270031,-0.0898127853870392,-0.0898127853870392,0.0642901957035065,-0.0898127853870392,0.0898123905062675,-0.0898127853870392,-0.0898037627339363,0.0896398797631264,0.0898127853870392,-0.0898127853870392,-0.0898127853870392,0.0898127853870392,-0.0895015746355057,-0.0898127853870392,-0.0898127853870392,-0.0898127257823944,-0.0797257497906685,0.0796195864677429,0.0801317021250725,0.0898127853870392,0.0898127853870392,-0.0898127853870392,-0.089812770485878,-0.0898120179772377,-0.0898127853870392,0.0895398557186127,0.0898123160004616,0.0898127853870392,-0.0898127853870392,0.0898127853870392,-0.0898127853870392,-0.0898127853870392,0.0898127853870392,-0.0898127853870392,-0.0898127853870392,0.0896768569946289,-0.0898127853870392,0.0898127853870392,0.0898127853870392,0.0898127853870392,-0.0898127853870392,-0.0898127853870392,-0.0898127853870392,-0.0881707444787025,-0.0898127853870392,-0.0852946266531944,0.0893708989024162,-0.0898127853870392,-0.0898127853870392
"30",0.0923447906970978,0.0923480466008186,0.0923472568392754,-0.0923220440745354,0.0923476368188858,-0.0901052206754684,-0.0923479944467545,0.092344619333744,0.0150568364188075,-0.0914138928055763,0.0923480466008186,0.0923480466008186,0.0923478677868843,0.0923480466008186,0.0923197567462921,-0.0913217812776566,0.0755719691514969,0.0921893417835236,-0.0923480466008186,0.00665604695677757,-0.0919003263115883,-0.0529215037822723,0.0923480466008186,-0.0923480466008186,-0.0923480466008186,0.0923480466008186,-0.0923480466008186,-0.091037854552269,0.0923480466008186,-0.0840233042836189,0.0705420896410942,0.0923479646444321,0.0922134071588516,0.0920957997441292,-0.0923480466008186,-0.092346116900444,-0.0923479124903679,-0.0923480466008186,-0.0923480466008186,-0.0923478454351425,0.0803111344575882,-0.0923480466008186,0.090819738805294,-0.0465485900640488,-0.0923480466008186,-0.0787833333015442,-0.0923477858304977,-0.0923478677868843,-0.0923312604427338,-0.0629071146249771,0.0923480466008186,0.0923480466008186,-0.0923448875546455,0.0923480466008186,-0.0890137478709221,-0.0922374576330185,0.0444355420768261,-0.0923480466008186,0.0923116058111191,-0.092341460287571,-0.0923480466008186,0.0923479273915291,-0.0708930119872093,-0.090613454580307,0.0923475101590157,-0.0923480466008186,0.0923480466008186,-0.0923480466008186,-0.0919293612241745,-0.0923443362116814,-0.0921730995178223,-0.0864581018686295,0.0923478826880455,0.0923480466008186,-0.0923374518752098,0.0923480466008186,-0.0923468992114067,0.0923480466008186,-0.0480868928134441,-0.0923480466008186,-0.0923480466008186,0.0857077389955521,-0.0923478677868843,0.0922422707080841,-0.0920846536755562,0.0920602977275848,0.0893514901399612,0.0923480466008186,-0.0923480466008186,-0.0923421457409859,0.0923480466008186,-0.0923465192317963,-0.0923479571938515,-0.0923480466008186,-0.0923477709293365,-0.0923172011971474,-0.0923478677868843,0.079285517334938,0.0923480466008186,0.0923479720950127,-0.0333840064704418,-0.0840763226151466,0.0914308726787567,-0.0923480466008186,-0.0768455862998962,0.0922633036971092,0.0923480018973351,-0.0922571271657944,0.0923480466008186,-0.0923480466008186,-0.0923378840088844,0.0820726007223129,-0.0922253280878067,-0.0923480466008186,0.0569009333848953,-0.0923480466008186,0.0923470705747604,0.0922667309641838,0.0755366012454033,-0.0923480466008186,-0.0923475548624992,-0.0923480466008186,-0.0923480167984962,-0.0917478874325752,-0.0923478081822395,0.091275580227375,-0.0923478975892067,-0.0923478230834007
"31",0.0941669717431068,-0.0941649675369263,0.0922946482896805,0.0936325341463089,0.0941344499588013,0.0941693484783173,0.0941683053970337,0.0941606909036636,0.0941076204180717,0.0884146988391876,0.0941691622138023,-0.0938605219125748,0.0941690281033516,0.0941693484783173,-0.0941692441701889,0.0938141345977783,-0.0941688343882561,-0.0940872803330421,-0.0941676944494247,-0.0758205354213715,0.0910551175475121,0.0941693186759949,0.0919274687767029,0.0927112624049187,-0.0350785553455353,0.0941580682992935,-0.0941693484783173,-0.0941691547632217,-0.0941428616642952,0.0941686928272247,-0.0041031870059669,0.0941692441701889,0.0520713701844215,0.0814141854643822,0.0722969993948936,-0.0941690877079964,0.0941668599843979,-0.0260688625276089,-0.0927724242210388,0.0351860001683235,-0.0941693484783173,-0.0941693484783173,-0.0941464975476265,-0.0941693484783173,-0.09416813403368,-0.0940624475479126,-0.0941693484783173,-0.0941693484783173,-0.0941691771149635,-0.094126008450985,0.0941693484783173,0.0799606963992119,0.0941693484783173,-0.0941693484783173,0.0941668450832367,-0.0941693484783173,0.0941693335771561,-0.0941555947065353,0.0939696654677391,0.0935856774449348,-0.083735778927803,0.0941693037748337,0.0935071632266045,0.0941693484783173,0.0928408354520798,-0.0941358581185341,-0.0941693186759949,-0.0941692069172859,0.0825065970420837,-0.0941672697663307,0.0734980627894402,-0.0580038093030453,0.0941691994667053,-0.0940365493297577,0.0413942858576775,0.0941693484783173,0.0941693484783173,0.0941691771149635,-0.09416164457798,-0.0119681553915143,0.0941691920161247,0.0941693484783173,-0.0936740711331367,-0.00102029391564429,-0.0941693484783173,0.0941680297255516,0.0941644459962845,0.0941693484783173,-0.0829009041190147,-0.0940565764904022,0.0941689237952232,0.0941692963242531,-0.0941659063100815,-0.0941693112254143,-0.0939066186547279,0.0941673815250397,-0.0941693484783173,0.0941574648022652,-0.0895670279860497,-0.0657911002635956,-0.0941693484783173,0.0733990594744682,-0.089793361723423,-0.0303219649940729,-0.054523877799511,0.0941535979509354,0.0212054811418056,0.0941685438156128,0.0941693484783173,-0.0881302580237389,0.0873010978102684,0.0941693484783173,0.0941665396094322,-0.0941381454467773,-0.094169020652771,-0.0941693484783173,-0.0941693484783173,-0.0941608250141144,0.0941693484783173,-0.0941610708832741,0.0941691920161247,0.070833832025528,-0.0760836824774742,-0.0941532775759697,0.0925681293010712,-0.0940801575779915,-0.0941693186759949,-0.0940295532345772
"32",-0.00047242859727703,0.104110240936279,0.0747774243354797,-0.00148943031672388,-0.0853554978966713,0.101311080157757,-0.0534818470478058,0.103858463466167,-0.0915590673685074,0.0435832068324089,0.102650940418243,0.0921365022659302,0.103957153856754,0.100250445306301,0.104047827422619,-0.0852058827877045,0.103948630392551,0.104069918394089,-0.103992313146591,0.104020930826664,0.0926797538995743,0.100035659968853,0.103929288685322,-0.062118586152792,0.0876927375793457,0.103972569108009,-0.0975940153002739,-0.10400827229023,-0.0987505465745926,-0.101700343191624,-0.00345841725356877,0.00453905807808042,0.0941840261220932,-0.10390680283308,-0.103932857513428,-0.101208828389645,-0.0123023884370923,-0.104109883308411,0.100961782038212,0.0513491109013557,-0.0999155640602112,0.0030021877028048,-0.103810988366604,-0.0307874176651239,0.082876592874527,0.104042746126652,-0.104110151529312,-0.0424761772155762,-0.000759353395551443,-0.104036286473274,0.104110643267632,0.104066364467144,0.104110777378082,-0.103971414268017,0.0623469986021519,-0.104093551635742,0.104099690914154,-0.066409170627594,0.104111313819885,0.0786299034953117,0.104102119803429,0.101931631565094,-0.0640785619616508,0.0870049670338631,0.0912391841411591,0.0884857773780823,0.00670151971280575,-0.0606266632676125,-0.103951223194599,0.0114678842946887,-0.10368949174881,-0.0966256633400917,0.103847451508045,0.0891286209225655,-0.0950983613729477,0.104107894003391,0.1040990203619,0.103704065084457,0.0990768522024155,-0.104110077023506,0.0969748944044113,-0.074651800096035,0.0961528643965721,0.101790092885494,-0.103027999401093,-0.0878540202975273,0.0948473066091537,0.0977425873279572,-0.102482460439205,-0.1037517786026,-0.0583556741476059,0.104108065366745,0.0964077189564705,0.0947712063789368,-0.103674188256264,-0.0857712998986244,-0.0319332629442215,-0.0399386920034885,0.0910762175917625,0.104099601507187,-0.104020036756992,-0.104097671806812,0.101027444005013,0.0311760250478983,-0.0880365371704102,-0.103181436657906,0.0854945704340935,-0.103160068392754,0.0976613312959671,-0.103599399328232,-0.0952038243412971,0.103986538946629,-0.0391645915806293,-0.0458813980221748,0.0637578517198563,-0.104111261665821,0.0238143801689148,-0.0347828380763531,0.104108959436417,-0.103124432265759,-0.104078762233257,-0.104029715061188,0.0633690431714058,-0.101090498268604,-0.104092426598072,-0.0563341863453388,0.0104269459843636,-0.00237332447431982
"33",0.113445617258549,-0.06588264554739,0.0721725523471832,-0.0593490526080132,-0.0714006274938583,0.111927375197411,0.0914659723639488,-0.0773957744240761,0.113174110651016,0.113494656980038,-0.0933447554707527,0.0341577082872391,0.0524165220558643,-0.0372480936348438,0.0881641879677773,-0.0692284107208252,0.0146099105477333,0.0819418653845787,-0.115343578159809,0.110686659812927,0.0647775828838348,-0.104549437761307,-0.110033012926579,-0.0341826006770134,0.111106917262077,0.089177317917347,0.105858735740185,0.0400087125599384,-0.101212933659554,-0.0780120715498924,-0.107657223939896,-0.0955041944980621,0.107867985963821,-0.115023754537106,-0.0731502845883369,0.106326662003994,0.0360717624425888,-0.100583866238594,0.0601285472512245,0.0720148831605911,0.112014375627041,0.024139653891325,-0.0461628995835781,0.0249641370028257,0.114416480064392,-0.080892451107502,-0.0386072397232056,-0.0938745960593224,0.0952331647276878,-0.106383495032787,0.0921924039721489,-0.0200143679976463,0.11457110196352,-0.105472594499588,0.0479221120476723,-0.0392423719167709,0.10896024107933,0.0173234827816486,0.0678011104464531,-0.0879333019256592,0.0253214947879314,0.109331466257572,0.101540952920914,0.108434997498989,0.0751019790768623,0.112052507698536,-0.109802439808846,-0.0717083662748337,-0.0833841860294342,0.0544868521392345,-0.0590590722858906,0.0993582606315613,0.0919814333319664,-0.11152882874012,-0.0974871963262558,0.115830309689045,0.111654549837112,-0.112203024327755,0.0467479266226292,-0.106894753873348,0.114457070827484,-0.114258579909801,0.0473335906863213,-0.113669015467167,-0.0980042591691017,-0.0848430320620537,0.111338257789612,0.109380684792995,-0.10869150608778,-0.106660820543766,-0.055630374699831,0.105025477707386,-0.0585053041577339,0.115192428231239,-0.0953980386257172,0.112760290503502,0.0877698808908463,-0.0354093462228775,0.0995937287807465,0.115098513662815,-0.103032924234867,-0.114800281822681,-0.017995310947299,0.0948545411229134,0.0960461869835854,-0.0814381763339043,0.101063199341297,-0.0950115248560905,-0.109520949423313,-0.0438296087086201,-0.106539465487003,0.108454897999763,-0.100246228277683,-0.0773612484335899,-0.0444329008460045,-0.112698540091515,0.02705018222332,0.0231856890022755,0.108374081552029,0.0627689808607101,-0.112485080957413,-0.066588968038559,0.109258413314819,-0.00277309794910252,0.0601418055593967,0.0105993272736669,-0.100744716823101,0.0852227658033371
"34",-0.000652826740406454,0.0337982214987278,0.106284134089947,0.0332090780138969,0.0268144868314266,0.0999713093042374,0.103772185742855,-0.0996108502149582,0.0745193511247635,0.10873069614172,-0.0808715298771858,0.0437212288379669,-0.0629104301333427,-0.107219606637955,0.108363106846809,-0.0772521197795868,0.0971349477767944,0.109524175524712,-0.0944281071424484,0.10638415813446,0.102156117558479,-0.00398476747795939,-0.091638445854187,-0.0846629589796066,0.10446023195982,0.086167685687542,0.108803048729897,0.103902153670788,-0.107676632702351,0.0170894432812929,-0.0303945876657963,-0.0998650044202805,0.0550207309424877,-0.0894382745027542,-0.0514460690319538,0.106361240148544,0.015099105425179,-0.109484195709229,0.105010122060776,-0.100117459893227,0.106327414512634,0.106132373213768,-0.107432678341866,-0.00414916919544339,0.107586912810802,0.107122048735619,-0.0377531088888645,-0.046725008636713,0.0404565706849098,0.0183128826320171,0.107382908463478,-0.0700320824980736,0.0698195621371269,-0.104411885142326,0.0894897133111954,-0.0761625468730927,0.106438755989075,-0.0425819419324398,0.108637355268002,-0.0740841031074524,0.104751318693161,-0.0507704243063927,0.0436787530779839,0.103778727352619,0.0224478878080845,0.103270441293716,-0.084966666996479,-0.102789387106895,-0.101750753819942,0.0808872506022453,-0.109429076313972,-0.103914402425289,-0.0670372024178505,-0.0977937281131744,-0.108487583696842,0.1068160161376,0.046349611133337,-0.10849991440773,0.10326125472784,-0.0922320783138275,0.109353132545948,-0.109570659697056,0.108806982636452,-0.108435042202473,-0.0683768764138222,-0.108623266220093,0.108330823481083,0.00533171417191625,-0.106097474694252,-0.0974059924483299,0.104643993079662,0.107644818723202,0.0639182105660439,0.10933231562376,-0.0444403141736984,0.0794666856527328,0.104788064956665,-0.0770735591650009,0.0751338005065918,0.0977574363350868,-0.109203204512596,-0.103202566504478,0.00880556553602219,-0.0847847908735275,0.0963733792304993,-0.103561893105507,0.107576467096806,-0.10907719284296,-0.0924560055136681,0.102007262408733,-0.0581920109689236,0.108964420855045,-0.108819082379341,-0.0768550708889961,0.0489503666758537,-0.109320782124996,0.10517593473196,0.0661042332649231,0.107707649469376,0.0793481916189194,-0.106068201363087,-0.0676066130399704,0.0848900452256203,-0.10957182943821,-0.0548497587442398,0.0617323480546474,-0.0643468499183655,0.0865676328539848
"35",0.0893885940313339,0.0893885940313339,0.0893885940313339,0.0893885940313339,0.0893885940313339,0.0893885940313339,0.0893885940313339,0.0893885940313339,0.0893885940313339,-0.0893885940313339,0.0893885940313339,-0.0893885940313339,0.0893885940313339,0.0893885940313339,0.0893859192728996,-0.0893885940313339,-0.0893884152173996,-0.0893885940313339,0.089387334883213,-0.0893885940313339,-0.0888557508587837,0.0893885940313339,0.0893885940313339,0.0893885940313339,0.0893885940313339,0.0893885940313339,-0.0893885940313339,0.0600014962255955,-0.0893885940313339,-0.0893885940313339,0.0893885940313339,0.089344747364521,0.0893885940313339,-0.0893885940313339,-0.0893885940313339,0.0024166633374989,0.0893885940313339,-0.0893885940313339,-0.0893885940313339,-0.0893885940313339,-0.0893885940313339,-0.0893885940313339,-0.0893885940313339,0.0893885940313339,0.0893885940313339,0.0893885940313339,-0.0893885940313339,-0.0893885940313339,-0.0893885940313339,-0.0893885940313339,0.0893885940313339,0.0893885940313339,0.0893885940313339,-0.0893885940313339,0.0819492265582085,0.0537934452295303,0.0893885940313339,0.0893885940313339,0.0893885940313339,-0.0893885940313339,0.0893885940313339,0.0893885940313339,0.0893885940313339,0.0893885940313339,0.0893885493278503,-0.0893885940313339,0.0893885940313339,-0.0893885940313339,0.0893492177128792,-0.0893885940313339,-0.0893885940313339,-0.0893885940313339,0.0893885940313339,-0.0893885940313339,0.0893883854150772,0.0893823206424713,0.0893885940313339,0.0893885940313339,-0.0893885418772697,-0.0893885940313339,-0.0893812924623489,0.0893682539463043,-0.0893885940313339,-0.0893885940313339,-0.0893885940313339,0.0768069922924042,0.0893885940313339,0.0893885940313339,-0.0872928276658058,0.0893883407115936,-0.0893885940313339,0.0893706977367401,-0.0893885940313339,0.0891375318169594,0.0893764644861221,-0.0893885940313339,0.0893885940313339,0.0893881991505623,0.0893885940313339,0.0893885940313339,-0.0893885940313339,-0.0893885940313339,0.089041031897068,-0.0893885940313339,0.0822684541344643,-0.0893885940313339,0.0893883779644966,-0.0893885940313339,-0.0893885940313339,0.0892131254076958,0.0893885940313339,0.0893885940313339,-0.0893885940313339,-0.0893885567784309,0.0893881320953369,-0.0893885940313339,0.0893829166889191,0.0893885940313339,0.0893885940313339,0.0893885940313339,0.0893885940313339,0.0893885940313339,-0.0893885940313339,0.0893885940313339,-0.0893885940313339,-0.0893885940313339,-0.0893882513046265,-0.0889955312013626
"36",0.00645134644582868,0.108669519424438,0.0826898291707039,-0.066265344619751,-0.0191198270767927,0.015808904543519,-0.108444109559059,0.0967824906110764,-0.108714111149311,0.0496950596570969,0.0550902374088764,0.108423992991447,0.108089245855808,0.108390957117081,0.107405580580235,-0.0690495073795319,0.108486153185368,0.108505249023438,-0.0799292996525764,0.103720724582672,-0.0950087755918503,-0.0590025410056114,0.108503788709641,-0.107848979532719,-0.108749859035015,0.108282774686813,-0.105673409998417,-0.108197554945946,0.0947453007102013,0.107261553406715,0.102501511573792,0.0111647276207805,0.0476792827248573,0.0856101810932159,-0.106695011258125,-0.103663131594658,-0.108748063445091,-0.0876276344060898,-0.00122641923371702,-0.105143338441849,-0.0791352167725563,-0.108721293509007,-0.103158891201019,-0.0995130464434624,-0.107550643384457,0.104783535003662,-0.107722319662571,-0.0610633119940758,-0.108232080936432,-0.018407478928566,0.107633583247662,0.108709685504436,0.0667751654982567,0.0986751839518547,-0.100447081029415,-0.108382508158684,0.0929815620183945,-0.108246266841888,0.108658149838448,0.0475754961371422,-0.100214377045631,-0.0279342010617256,-0.107663080096245,-0.0562602356076241,-0.101733833551407,-0.098502904176712,0.108528509736061,-0.0555134192109108,-0.107444524765015,-0.104475118219852,-0.106702700257301,-0.102228887379169,0.0312493927776814,0.108444824814796,0.00275110360234976,0.0787846967577934,0.0634881556034088,0.108660988509655,0.0344746075570583,-0.105340249836445,-0.103765159845352,0.0643412545323372,0.0938438773155212,0.107114732265472,0.0491260699927807,0.0740979015827179,0.107158064842224,0.100371509790421,-0.0656321719288826,-0.0704637765884399,0.108692534267902,0.0607261508703232,-0.0173094775527716,-0.066324956715107,-0.108192816376686,-0.0926313996315002,-0.108701050281525,0.0722600594162941,0.0946929529309273,0.0277391783893108,-0.0924319252371788,-0.0890404060482979,0.108022473752499,-0.0728582739830017,-0.0928381904959679,0.104754954576492,0.0460246056318283,0.0175921618938446,0.108240447938442,-0.108244366943836,-0.0147026525810361,0.094556100666523,0.000998251140117645,-0.108215846121311,-0.0192500930279493,-0.107869327068329,0.0827420577406883,-0.0973795354366302,-0.0241559408605099,-0.0820900276303291,-0.0157762300223112,-0.108671583235264,0.00865750387310982,-0.108346715569496,-0.108468279242516,-0.100440762937069,0.0619740299880505,0.0972771793603897
